date,store,day_of_week,is_weekend,month,temp_c,customers,hot_drinks,iced_drinks,pastries,revenue,staff_on_shift,avg_rating,promo
2025-01-01,Bondi,Wednesday,False,Jan,30.8,189,26,124,69,1259.92,5,4.28,yes
2025-01-02,Bondi,Thursday,False,Jan,32.6,131,12,97,55,958.09,3,4.43,no
2025-01-03,Bondi,Friday,False,Jan,30.3,161,22,101,47,1000.17,3,3.75,no
2025-01-04,Bondi,Saturday,True,Jan,29.7,200,48,108,84,1356.17,4,4.4,no
2025-01-05,Bondi,Sunday,True,Jan,30.1,232,40,145,80,1539.69,5,4.6,no
2025-01-06,Bondi,Monday,False,Jan,29.2,149,40,75,61,974.03,4,4.53,no
2025-01-07,Bondi,Tuesday,False,Jan,31.9,182,40,110,74,1236.81,4,4.23,no
2025-01-08,Bondi,Wednesday,False,Jan,29.8,164,25,99,67,1099.68,4,4.15,no
2025-01-09,Bondi,Thursday,False,Jan,32.5,161,32,111,77,1225.96,4,4.43,no
2025-01-10,Bondi,Friday,False,Jan,28.5,187,53,96,82,1260.61,4,3.93,no
2025-01-11,Bondi,Saturday,True,Jan,34.8,259,30,179,104,1865.28,6,4.09,no
2025-01-12,Bondi,Sunday,True,Jan,30.9,219,46,132,85,1504.38,5,3.94,no
2025-01-13,Bondi,Monday,False,Jan,34.0,161,36,105,65,1234.0,4,4.17,no
2025-01-14,Bondi,Tuesday,False,Jan,34.3,211,23,146,85,1462.34,5,4.2,no
2025-01-15,Bondi,Wednesday,False,Jan,33.7,165,14,121,65,1121.44,3,4.51,yes
2025-01-16,Bondi,Thursday,False,Jan,29.5,175,45,105,73,1293.92,4,4.1,no
2025-01-17,Bondi,Friday,False,Jan,29.8,144,31,82,56,956.73,2,4.26,no
2025-01-18,Bondi,Saturday,True,Jan,33.7,233,27,159,106,1717.32,6,4.9,no
2025-01-19,Bondi,Sunday,True,Jan,31.9,230,39,153,89,1629.65,4,4.23,no
2025-01-20,Bondi,Monday,False,Jan,31.3,156,31,102,62,1130.1,4,4.17,no
2025-01-21,Bondi,Tuesday,False,Jan,29.7,171,40,100,53,1125.69,3,4.08,no
2025-01-22,Bondi,Wednesday,False,Jan,29.5,170,30,95,56,1073.8,4,3.97,no
2025-01-23,Bondi,Thursday,False,Jan,27.0,197,61,92,79,1261.45,5,4.58,no
2025-01-24,Bondi,Friday,False,Jan,31.5,181,33,116,67,1261.9,3,4.5,no
2025-01-25,Bondi,Saturday,True,Jan,28.1,229,55,134,82,1563.25,5,4.26,no
2025-01-26,Bondi,Sunday,True,Jan,25.0,225,66,96,72,1270.09,4,4.51,no
2025-01-27,Bondi,Monday,False,Jan,30.7,184,20,112,71,1192.04,4,4.38,no
2025-01-28,Bondi,Tuesday,False,Jan,28.6,138,31,75,49,907.98,4,4.18,no
2025-01-29,Bondi,Wednesday,False,Jan,33.1,177,17,127,73,1321.11,4,4.13,no
2025-01-30,Bondi,Thursday,False,Jan,33.9,171,36,117,53,1202.29,4,3.97,no
2025-01-31,Bondi,Friday,False,Jan,31.5,143,18,95,37,861.68,3,4.47,no
2025-02-01,Bondi,Saturday,True,Feb,30.7,230,54,140,88,1618.55,5,4.0,yes
2025-02-02,Bondi,Sunday,True,Feb,28.8,249,52,142,97,1651.46,6,4.11,yes
2025-02-03,Bondi,Monday,False,Feb,26.6,188,40,91,69,1126.43,4,3.98,no
2025-02-04,Bondi,Tuesday,False,Feb,39.5,141,0,123,55,1019.8,2,4.41,no
2025-02-05,Bondi,Wednesday,False,Feb,34.5,151,39,110,50,1121.6,3,4.28,no
2025-02-06,Bondi,Thursday,False,Feb,30.7,150,49,93,68,1116.25,3,4.05,no
2025-02-07,Bondi,Friday,False,Feb,29.9,198,43,123,76,1385.99,5,4.66,no
2025-02-08,Bondi,Saturday,True,Feb,29.4,243,50,142,85,1573.75,5,3.51,no
2025-02-09,Bondi,Sunday,True,Feb,31.6,217,36,145,85,1477.43,5,4.45,no
2025-02-10,Bondi,Monday,False,Feb,34.7,189,8,130,76,1263.09,5,4.26,yes
2025-02-11,Bondi,Tuesday,False,Feb,26.3,171,52,81,69,1128.37,4,4.3,no
2025-02-12,Bondi,Wednesday,False,Feb,31.2,153,43,93,57,1121.3,4,4.14,no
2025-02-13,Bondi,Thursday,False,Feb,30.2,167,20,104,58,1057.43,5,3.64,no
2025-02-14,Bondi,Friday,False,Feb,28.5,170,44,91,78,1213.25,4,4.4,no
2025-02-15,Bondi,Saturday,True,Feb,31.1,216,42,130,80,1466.44,5,4.15,yes
2025-02-16,Bondi,Sunday,True,Feb,33.3,237,32,171,89,1692.82,5,4.56,no
2025-02-17,Bondi,Monday,False,Feb,25.9,161,52,69,50,920.8,4,4.28,no
2025-02-18,Bondi,Tuesday,False,Feb,31.4,201,55,119,70,1374.45,4,3.89,no
2025-02-19,Bondi,Wednesday,False,Feb,30.6,148,17,89,53,948.31,2,4.15,no
2025-02-20,Bondi,Thursday,False,Feb,31.9,186,26,118,74,1254.32,4,4.6,no
2025-02-21,Bondi,Friday,False,Feb,29.9,158,14,97,59,966.59,5,4.5,no
2025-02-22,Bondi,Saturday,True,Feb,28.7,173,49,101,59,1202.99,4,3.87,no
2025-02-23,Bondi,Sunday,True,Feb,32.4,222,41,147,70,1495.53,6,3.95,no
2025-02-24,Bondi,Monday,False,Feb,27.9,124,22,66,49,755.0,3,4.09,no
2025-02-25,Bondi,Tuesday,False,Feb,27.4,155,36,88,55,989.61,4,4.51,no
2025-02-26,Bondi,Wednesday,False,Feb,29.4,142,28,76,57,926.5,3,4.5,no
2025-02-27,Bondi,Thursday,False,Feb,29.1,179,40,100,72,1207.15,4,3.95,no
2025-02-28,Bondi,Friday,False,Feb,26.6,157,53,70,71,1105.68,4,3.86,no
2025-03-01,Bondi,Saturday,True,Mar,27.3,200,47,111,75,1338.49,4,4.04,yes
2025-03-02,Bondi,Sunday,True,Mar,26.1,225,65,112,95,1494.97,5,4.34,no
2025-03-03,Bondi,Monday,False,Mar,26.9,178,51,97,68,1214.9,5,4.2,no
2025-03-04,Bondi,Tuesday,False,Mar,31.4,153,29,93,63,1074.36,3,4.45,no
2025-03-05,Bondi,Wednesday,False,Mar,29.2,131,33,70,41,784.36,2,4.02,no
2025-03-06,Bondi,Thursday,False,Mar,25.3,164,40,86,73,1133.91,3,4.22,no
2025-03-07,Bondi,Friday,False,Mar,29.7,138,27,89,34,888.01,4,4.08,no
2025-03-08,Bondi,Saturday,True,Mar,23.1,219,85,78,67,1194.28,5,4.94,no
2025-03-09,Bondi,Sunday,True,Mar,29.6,216,52,124,96,1515.52,5,4.4,no
2025-03-10,Bondi,Monday,False,Mar,31.4,194,52,117,74,1377.92,5,4.36,no
2025-03-11,Bondi,Tuesday,False,Mar,31.1,181,17,119,54,1144.55,3,4.32,no
2025-03-12,Bondi,Wednesday,False,Mar,26.7,135,20,78,50,849.9,4,3.9,no
2025-03-13,Bondi,Thursday,False,Mar,26.5,167,39,86,65,1068.53,4,4.27,no
2025-03-14,Bondi,Friday,False,Mar,26.8,164,30,96,65,1133.28,2,3.78,no
2025-03-15,Bondi,Saturday,True,Mar,26.5,257,78,130,95,1641.31,4,4.55,yes
2025-03-16,Bondi,Sunday,True,Mar,27.1,189,32,104,82,1285.68,4,3.99,no
2025-03-17,Bondi,Monday,False,Mar,23.7,172,67,65,66,1076.78,3,4.35,no
2025-03-18,Bondi,Tuesday,False,Mar,25.7,150,30,75,72,997.21,3,4.68,no
2025-03-19,Bondi,Wednesday,False,Mar,25.7,140,35,66,50,891.16,3,4.34,no
2025-03-20,Bondi,Thursday,False,Mar,25.9,171,42,87,65,1158.84,4,4.25,no
2025-03-21,Bondi,Friday,False,Mar,26.0,136,28,70,47,835.06,3,4.09,no
2025-03-22,Bondi,Saturday,True,Mar,24.3,232,71,97,106,1511.36,6,4.67,no
2025-03-23,Bondi,Sunday,True,Mar,22.1,218,82,86,83,1413.41,6,4.0,no
2025-03-24,Bondi,Monday,False,Mar,25.9,145,57,68,63,996.97,3,4.26,no
2025-03-25,Bondi,Tuesday,False,Mar,24.1,129,29,61,45,749.84,2,4.49,no
2025-03-26,Bondi,Wednesday,False,Mar,23.5,138,55,54,53,896.13,3,4.23,no
2025-03-27,Bondi,Thursday,False,Mar,20.5,184,70,56,81,1134.26,4,4.13,no
2025-03-28,Bondi,Friday,False,Mar,25.4,176,66,77,56,1083.85,4,4.3,no
2025-03-29,Bondi,Saturday,True,Mar,22.9,190,63,64,62,1004.53,4,4.11,no
2025-03-30,Bondi,Sunday,True,Mar,30.8,193,51,112,83,1366.92,3,3.99,no
2025-03-31,Bondi,Monday,False,Mar,23.7,139,55,58,40,834.0,2,4.89,no
2025-04-01,Bondi,Tuesday,False,Apr,26.7,151,20,80,59,883.1,3,4.1,yes
2025-04-02,Bondi,Wednesday,False,Apr,23.3,163,53,71,53,1003.0,4,4.63,no
2025-04-03,Bondi,Thursday,False,Apr,17.1,144,60,47,52,887.49,4,4.43,no
2025-04-04,Bondi,Friday,False,Apr,24.1,156,43,63,60,951.21,4,4.44,no
2025-04-05,Bondi,Saturday,True,Apr,30.2,211,53,133,80,1525.61,5,4.77,no
2025-04-06,Bondi,Sunday,True,Apr,24.5,207,78,84,76,1270.23,5,3.82,no
2025-04-07,Bondi,Monday,False,Apr,23.5,135,28,62,53,824.41,4,4.56,no
2025-04-08,Bondi,Tuesday,False,Apr,23.5,151,40,69,62,958.7,4,4.23,no
2025-04-09,Bondi,Wednesday,False,Apr,23.3,140,47,59,58,921.94,3,4.58,no
2025-04-10,Bondi,Thursday,False,Apr,23.0,129,33,53,40,705.79,4,4.47,no
2025-04-11,Bondi,Friday,False,Apr,26.4,134,41,54,48,826.8,4,3.93,no
2025-04-12,Bondi,Saturday,True,Apr,26.6,219,76,112,84,1509.7,5,3.92,no
2025-04-13,Bondi,Sunday,True,Apr,22.3,209,63,82,91,1286.28,5,3.86,no
2025-04-14,Bondi,Monday,False,Apr,20.3,151,44,45,47,750.79,4,3.89,no
2025-04-15,Bondi,Tuesday,False,Apr,20.1,146,54,43,63,896.83,4,4.04,yes
2025-04-16,Bondi,Wednesday,False,Apr,22.3,146,64,47,56,894.86,4,4.52,no
2025-04-17,Bondi,Thursday,False,Apr,24.9,163,51,66,71,1025.65,4,4.42,no
2025-04-18,Bondi,Friday,False,Apr,25.0,165,57,74,67,1097.2,4,4.44,no
2025-04-19,Bondi,Saturday,True,Apr,24.8,197,45,92,74,1170.05,4,3.76,no
2025-04-20,Bondi,Sunday,True,Apr,21.1,205,71,78,82,1241.67,5,4.19,no
2025-04-21,Bondi,Monday,False,Apr,21.7,123,45,33,53,722.94,3,3.74,no
2025-04-22,Bondi,Tuesday,False,Apr,19.6,142,63,39,52,800.69,3,4.34,no
2025-04-23,Bondi,Wednesday,False,Apr,20.8,189,74,62,62,1071.7,5,4.46,no
2025-04-24,Bondi,Thursday,False,Apr,21.8,149,36,43,77,883.67,3,3.81,no
2025-04-25,Bondi,Friday,False,Apr,24.0,97,39,39,38,656.87,2,4.97,no
2025-04-26,Bondi,Saturday,True,Apr,17.1,204,86,56,86,1219.73,4,4.68,no
2025-04-27,Bondi,Sunday,True,Apr,24.2,190,55,75,70,1128.56,5,3.9,yes
2025-04-28,Bondi,Monday,False,Apr,20.2,148,57,47,61,903.67,3,4.1,no
2025-04-29,Bondi,Tuesday,False,Apr,19.7,108,39,36,49,675.85,2,4.35,yes
2025-04-30,Bondi,Wednesday,False,Apr,18.8,114,27,43,40,632.53,3,4.46,no
2025-05-01,Bondi,Thursday,False,May,22.9,151,31,77,59,941.68,3,4.37,yes
2025-05-02,Bondi,Friday,False,May,23.2,133,53,49,55,909.64,4,4.36,no
2025-05-03,Bondi,Saturday,True,May,20.0,193,82,53,71,1106.89,4,4.77,no
2025-05-04,Bondi,Sunday,True,May,21.6,185,70,60,72,1095.37,4,4.57,no
2025-05-05,Bondi,Monday,False,May,16.7,137,68,26,41,708.63,3,4.31,no
2025-05-06,Bondi,Tuesday,False,May,17.5,147,70,39,54,841.87,4,4.38,no
2025-05-07,Bondi,Wednesday,False,May,19.6,126,54,36,57,797.4,2,4.22,no
2025-05-08,Bondi,Thursday,False,May,21.9,157,57,73,71,1140.27,3,4.53,no
2025-05-09,Bondi,Friday,False,May,17.2,154,64,39,57,855.92,4,4.18,no
2025-05-10,Bondi,Saturday,True,May,13.6,189,102,16,76,1007.34,4,4.32,no
2025-05-11,Bondi,Sunday,True,May,15.5,210,104,31,81,1115.61,5,4.5,no
2025-05-12,Bondi,Monday,False,May,17.9,136,66,23,44,734.88,2,4.76,no
2025-05-13,Bondi,Tuesday,False,May,16.5,133,58,40,54,843.54,3,4.69,no
2025-05-14,Bondi,Wednesday,False,May,17.0,120,62,12,52,667.46,3,4.2,no
2025-05-15,Bondi,Thursday,False,May,17.0,149,81,24,43,770.14,3,4.19,yes
2025-05-16,Bondi,Friday,False,May,15.0,121,52,20,68,737.07,2,4.13,no
2025-05-17,Bondi,Saturday,True,May,11.3,187,93,15,71,899.48,4,4.4,no
2025-05-18,Bondi,Sunday,True,May,18.4,179,69,54,71,1073.91,4,3.94,no
2025-05-19,Bondi,Monday,False,May,14.4,125,75,13,45,631.66,3,4.88,no
2025-05-20,Bondi,Tuesday,False,May,15.6,142,74,30,54,810.59,4,4.47,no
2025-05-21,Bondi,Wednesday,False,May,16.0,146,74,29,62,889.26,3,3.91,no
2025-05-22,Bondi,Thursday,False,May,20.3,176,68,57,79,1149.96,4,4.5,no
2025-05-23,Bondi,Friday,False,May,18.1,126,54,32,43,640.96,2,4.37,no
2025-05-24,Bondi,Saturday,True,May,15.5,197,100,41,67,1102.86,4,4.04,no
2025-05-25,Bondi,Sunday,True,May,16.1,173,72,48,63,979.34,5,4.03,no
2025-05-26,Bondi,Monday,False,May,14.3,137,78,21,39,718.16,4,4.15,no
2025-05-27,Bondi,Tuesday,False,May,13.9,92,57,12,30,466.41,2,4.32,no
2025-05-28,Bondi,Wednesday,False,May,18.3,134,41,38,60,766.62,4,4.59,no
2025-05-29,Bondi,Thursday,False,May,15.5,123,67,11,47,620.73,3,4.32,no
2025-05-30,Bondi,Friday,False,May,13.9,107,57,20,39,601.15,2,4.25,no
2025-05-31,Bondi,Saturday,True,May,10.7,202,121,2,73,1000.81,4,4.62,no
2025-06-01,Bondi,Sunday,True,Jun,17.5,210,72,47,82,1120.52,5,4.15,yes
2025-06-02,Bondi,Monday,False,Jun,15.3,144,73,15,48,746.83,3,4.73,no
2025-06-03,Bondi,Tuesday,False,Jun,11.2,178,111,6,82,1007.62,3,4.57,no
2025-06-04,Bondi,Wednesday,False,Jun,12.2,119,75,9,42,663.16,4,4.66,no
2025-06-05,Bondi,Thursday,False,Jun,18.3,109,45,36,40,632.08,2,3.98,no
2025-06-06,Bondi,Friday,False,Jun,12.2,123,75,8,44,647.95,4,4.21,no
2025-06-07,Bondi,Saturday,True,Jun,12.4,192,106,20,68,981.04,4,4.16,no
2025-06-08,Bondi,Sunday,True,Jun,17.2,164,67,43,66,939.16,3,4.57,no
2025-06-09,Bondi,Monday,False,Jun,11.7,103,50,5,35,479.01,3,4.2,no
2025-06-10,Bondi,Tuesday,False,Jun,17.6,130,72,22,54,837.87,4,4.52,no
2025-06-11,Bondi,Wednesday,False,Jun,12.0,141,93,11,58,757.24,4,4.05,no
2025-06-12,Bondi,Thursday,False,Jun,13.4,142,74,22,45,774.4,3,4.3,no
2025-06-13,Bondi,Friday,False,Jun,13.2,171,92,23,68,935.81,3,4.35,no
2025-06-14,Bondi,Saturday,True,Jun,17.8,193,93,43,80,1178.56,5,3.96,no
2025-06-15,Bondi,Sunday,True,Jun,12.5,195,119,11,67,1035.44,5,4.63,yes
2025-06-16,Bondi,Monday,False,Jun,11.3,120,77,3,48,656.6,3,4.47,no
2025-06-17,Bondi,Tuesday,False,Jun,18.4,136,42,38,39,634.71,2,4.34,no
2025-06-18,Bondi,Wednesday,False,Jun,13.0,128,72,12,43,667.35,3,4.4,no
2025-06-19,Bondi,Thursday,False,Jun,14.1,139,64,31,60,830.79,3,4.17,no
2025-06-20,Bondi,Friday,False,Jun,13.9,125,76,15,46,739.27,3,4.54,no
2025-06-21,Bondi,Saturday,True,Jun,14.2,231,123,40,89,1349.25,4,4.04,no
2025-06-22,Bondi,Sunday,True,Jun,15.8,176,82,34,65,931.69,3,4.26,no
2025-06-23,Bondi,Monday,False,Jun,11.3,124,77,2,42,610.58,2,4.07,no
2025-06-24,Bondi,Tuesday,False,Jun,15.1,142,75,22,55,802.27,4,4.18,no
2025-06-25,Bondi,Wednesday,False,Jun,14.6,131,76,14,51,732.53,3,4.3,no
2025-06-26,Bondi,Thursday,False,Jun,14.2,102,40,15,35,494.3,2,4.15,no
2025-06-27,Bondi,Friday,False,Jun,12.7,127,82,11,53,764.02,2,4.44,no
2025-06-28,Bondi,Saturday,True,Jun,14.5,162,60,37,72,931.96,2,4.18,no
2025-06-29,Bondi,Sunday,True,Jun,16.1,152,64,28,47,721.7,4,4.32,no
2025-06-30,Bondi,Monday,False,Jun,12.4,146,69,19,68,794.33,3,4.4,no
2025-07-01,Bondi,Tuesday,False,Jul,12.3,139,75,21,62,855.53,3,4.46,yes
2025-07-02,Bondi,Wednesday,False,Jul,15.4,133,42,34,41,672.37,3,4.1,no
2025-07-03,Bondi,Thursday,False,Jul,15.8,124,55,29,45,687.96,3,3.97,no
2025-07-04,Bondi,Friday,False,Jul,14.7,112,67,9,42,603.13,3,4.01,no
2025-07-05,Bondi,Saturday,True,Jul,10.6,173,103,0,78,922.29,4,4.15,no
2025-07-06,Bondi,Sunday,True,Jul,13.4,158,76,25,64,873.7,4,4.32,no
2025-07-07,Bondi,Monday,False,Jul,9.2,151,94,1,52,691.23,3,4.67,no
2025-07-08,Bondi,Tuesday,False,Jul,12.0,107,58,6,38,521.12,2,4.11,no
2025-07-09,Bondi,Wednesday,False,Jul,13.7,131,62,28,50,728.1,3,3.99,no
2025-07-10,Bondi,Thursday,False,Jul,10.4,144,99,0,53,727.04,3,4.78,no
2025-07-11,Bondi,Friday,False,Jul,9.6,143,88,11,50,768.5,3,4.61,no
2025-07-12,Bondi,Saturday,True,Jul,12.6,204,116,20,68,1033.91,5,4.03,no
2025-07-13,Bondi,Sunday,True,Jul,11.5,182,100,13,69,965.29,6,3.95,no
2025-07-14,Bondi,Monday,False,Jul,12.4,117,55,13,43,610.3,2,4.34,no
2025-07-15,Bondi,Tuesday,False,Jul,10.4,143,79,8,64,746.33,4,4.21,yes
2025-07-16,Bondi,Wednesday,False,Jul,10.2,130,84,3,35,607.64,3,4.72,no
2025-07-17,Bondi,Thursday,False,Jul,15.5,102,46,21,41,557.04,2,3.84,no
2025-07-18,Bondi,Friday,False,Jul,13.3,118,52,20,37,544.7,3,4.83,no
2025-07-19,Bondi,Saturday,True,Jul,13.5,198,75,39,75,1028.19,3,4.36,no
2025-07-20,Bondi,Sunday,True,Jul,14.6,170,78,30,69,941.5,3,3.86,no
2025-07-21,Bondi,Monday,False,Jul,15.6,149,72,24,70,895.63,3,4.28,no
2025-07-22,Bondi,Tuesday,False,Jul,12.3,116,63,18,41,597.9,2,4.26,no
2025-07-23,Bondi,Wednesday,False,Jul,11.9,153,78,14,32,605.75,2,4.21,no
2025-07-24,Bondi,Thursday,False,Jul,16.4,133,85,21,52,815.7,3,3.9,no
2025-07-25,Bondi,Friday,False,Jul,13.8,162,86,29,72,979.75,3,4.26,no
2025-07-26,Bondi,Saturday,True,Jul,12.6,175,91,23,48,842.64,5,3.77,no
2025-07-27,Bondi,Sunday,True,Jul,13.0,157,86,15,47,770.32,4,3.93,no
2025-07-28,Bondi,Monday,False,Jul,15.8,131,66,28,47,772.34,3,4.01,no
2025-07-29,Bondi,Tuesday,False,Jul,15.3,149,79,23,68,900.67,4,4.65,no
2025-07-30,Bondi,Wednesday,False,Jul,14.8,129,59,28,43,691.97,3,4.4,no
2025-07-31,Bondi,Thursday,False,Jul,10.3,123,75,7,47,727.22,3,4.27,no
2025-08-01,Bondi,Friday,False,Aug,16.6,141,74,20,53,823.82,2,4.71,yes
2025-08-02,Bondi,Saturday,True,Aug,13.0,199,109,22,85,1129.27,5,4.28,no
2025-08-03,Bondi,Sunday,True,Aug,12.9,174,104,20,55,884.45,4,4.78,no
2025-08-04,Bondi,Monday,False,Aug,16.8,158,77,31,36,745.01,4,3.87,no
2025-08-05,Bondi,Tuesday,False,Aug,10.3,140,98,13,66,876.83,2,4.33,no
2025-08-06,Bondi,Wednesday,False,Aug,9.6,127,79,0,47,651.78,3,4.33,no
2025-08-07,Bondi,Thursday,False,Aug,18.7,118,58,27,62,792.57,3,4.23,no
2025-08-08,Bondi,Friday,False,Aug,12.3,149,83,18,69,918.2,3,4.57,no
2025-08-09,Bondi,Saturday,True,Aug,16.4,235,112,54,90,1390.75,5,4.51,no
2025-08-10,Bondi,Sunday,True,Aug,13.0,188,87,23,91,1067.24,3,4.61,no
2025-08-11,Bondi,Monday,False,Aug,14.7,151,57,20,57,720.28,4,4.12,no
2025-08-12,Bondi,Tuesday,False,Aug,15.2,133,69,23,42,747.53,2,4.33,no
2025-08-13,Bondi,Wednesday,False,Aug,12.5,148,88,22,62,891.66,4,3.93,yes
2025-08-14,Bondi,Thursday,False,Aug,15.7,149,65,23,72,840.65,2,3.96,no
2025-08-15,Bondi,Friday,False,Aug,17.4,138,59,41,57,877.97,3,4.41,yes
2025-08-16,Bondi,Saturday,True,Aug,13.5,175,83,28,68,928.4,4,4.18,no
2025-08-17,Bondi,Sunday,True,Aug,14.7,187,63,42,61,831.41,4,4.44,no
2025-08-18,Bondi,Monday,False,Aug,15.2,122,55,33,44,683.68,3,4.17,no
2025-08-19,Bondi,Tuesday,False,Aug,15.1,141,83,20,44,737.25,3,4.34,no
2025-08-20,Bondi,Wednesday,False,Aug,13.6,138,62,15,59,690.32,3,4.51,no
2025-08-21,Bondi,Thursday,False,Aug,21.5,112,45,35,54,724.22,2,4.61,no
2025-08-22,Bondi,Friday,False,Aug,14.3,153,77,20,62,829.8,4,4.04,no
2025-08-23,Bondi,Saturday,True,Aug,12.1,158,84,25,68,908.16,3,4.23,no
2025-08-24,Bondi,Sunday,True,Aug,16.3,173,70,35,74,979.09,4,4.05,no
2025-08-25,Bondi,Monday,False,Aug,18.1,133,58,36,40,759.81,2,4.34,no
2025-08-26,Bondi,Tuesday,False,Aug,11.1,144,80,13,47,734.45,4,4.36,no
2025-08-27,Bondi,Wednesday,False,Aug,17.4,152,57,45,53,857.11,4,4.72,no
2025-08-28,Bondi,Thursday,False,Aug,15.8,142,66,26,49,770.37,3,4.2,no
2025-08-29,Bondi,Friday,False,Aug,14.2,135,81,8,48,707.81,3,3.79,no
2025-08-30,Bondi,Saturday,True,Aug,16.0,192,104,29,77,1095.71,4,4.68,yes
2025-08-31,Bondi,Sunday,True,Aug,13.7,214,109,32,103,1295.71,5,4.42,no
2025-09-01,Bondi,Monday,False,Sep,16.6,144,68,29,58,838.27,4,4.56,yes
2025-09-02,Bondi,Tuesday,False,Sep,16.8,151,70,32,67,856.67,4,5.0,no
2025-09-03,Bondi,Wednesday,False,Sep,20.0,110,56,37,56,785.67,2,3.91,no
2025-09-04,Bondi,Thursday,False,Sep,15.3,141,71,28,58,837.84,2,4.7,no
2025-09-05,Bondi,Friday,False,Sep,16.7,163,76,33,57,874.74,4,4.23,no
2025-09-06,Bondi,Saturday,True,Sep,18.5,179,70,57,62,1042.27,5,4.05,no
2025-09-07,Bondi,Sunday,True,Sep,20.1,172,73,50,54,896.72,3,4.4,no
2025-09-08,Bondi,Monday,False,Sep,18.1,148,75,32,66,904.89,4,4.21,no
2025-09-09,Bondi,Tuesday,False,Sep,17.7,115,38,38,43,643.14,3,4.43,no
2025-09-10,Bondi,Wednesday,False,Sep,20.4,147,36,46,53,743.26,3,4.07,no
2025-09-11,Bondi,Thursday,False,Sep,19.6,176,61,61,69,1017.44,4,4.41,no
2025-09-12,Bondi,Friday,False,Sep,16.9,138,76,28,80,1000.04,4,4.36,no
2025-09-13,Bondi,Saturday,True,Sep,22.8,185,61,75,76,1175.64,4,3.96,yes
2025-09-14,Bondi,Sunday,True,Sep,20.9,174,80,55,70,1137.78,3,4.34,no
2025-09-15,Bondi,Monday,False,Sep,14.1,150,60,30,47,718.89,3,3.93,yes
2025-09-16,Bondi,Tuesday,False,Sep,23.3,153,48,60,79,1093.94,3,4.4,no
2025-09-17,Bondi,Wednesday,False,Sep,14.8,132,54,31,46,671.34,2,4.48,no
2025-09-18,Bondi,Thursday,False,Sep,14.6,132,61,32,45,743.04,3,4.34,no
2025-09-19,Bondi,Friday,False,Sep,18.8,139,44,44,62,812.82,2,4.66,no
2025-09-20,Bondi,Saturday,True,Sep,19.1,191,83,62,82,1251.89,3,3.8,no
2025-09-21,Bondi,Sunday,True,Sep,15.9,202,84,42,67,1003.51,4,4.23,no
2025-09-22,Bondi,Monday,False,Sep,21.8,126,61,42,55,861.55,2,4.0,no
2025-09-23,Bondi,Tuesday,False,Sep,17.1,180,83,43,58,957.58,4,4.12,no
2025-09-24,Bondi,Wednesday,False,Sep,19.6,148,45,51,58,857.16,4,4.24,no
2025-09-25,Bondi,Thursday,False,Sep,16.8,152,63,37,53,822.4,4,3.97,no
2025-09-26,Bondi,Friday,False,Sep,18.2,179,68,56,62,1076.62,4,4.46,no
2025-09-27,Bondi,Saturday,True,Sep,18.8,210,79,63,91,1278.02,4,4.57,no
2025-09-28,Bondi,Sunday,True,Sep,21.3,186,54,68,74,1049.36,4,3.58,yes
2025-09-29,Bondi,Monday,False,Sep,21.3,154,44,61,72,1025.89,3,4.07,no
2025-09-30,Bondi,Tuesday,False,Sep,19.5,149,76,30,54,822.03,4,4.2,no
2025-10-01,Bondi,Wednesday,False,Oct,21.1,140,54,55,48,823.43,3,4.47,yes
2025-10-02,Bondi,Thursday,False,Oct,19.3,178,74,54,71,1058.11,4,4.11,no
2025-10-03,Bondi,Friday,False,Oct,15.5,160,78,28,47,791.53,4,4.33,no
2025-10-04,Bondi,Saturday,True,Oct,24.0,197,73,82,59,1197.05,4,4.07,no
2025-10-05,Bondi,Sunday,True,Oct,20.7,200,77,69,88,1323.86,5,4.51,no
2025-10-06,Bondi,Monday,False,Oct,17.7,158,76,40,43,916.66,3,4.3,no
2025-10-07,Bondi,Tuesday,False,Oct,17.2,137,59,20,34,596.74,3,4.21,no
2025-10-08,Bondi,Wednesday,False,Oct,24.3,147,44,63,51,915.16,3,4.2,no
2025-10-09,Bondi,Thursday,False,Oct,22.3,141,48,55,65,958.1,2,4.23,no
2025-10-10,Bondi,Friday,False,Oct,20.0,163,68,53,61,998.2,4,3.89,no
2025-10-11,Bondi,Saturday,True,Oct,18.7,231,100,66,89,1365.72,5,4.54,no
2025-10-12,Bondi,Sunday,True,Oct,25.4,204,57,96,76,1287.77,5,4.96,no
2025-10-13,Bondi,Monday,False,Oct,22.2,162,56,56,57,869.19,4,4.29,no
2025-10-14,Bondi,Tuesday,False,Oct,22.0,154,47,71,66,1015.97,4,4.21,no
2025-10-15,Bondi,Wednesday,False,Oct,19.6,135,58,44,55,837.14,3,3.59,yes
2025-10-16,Bondi,Thursday,False,Oct,24.4,149,54,67,52,985.05,3,4.45,no
2025-10-17,Bondi,Friday,False,Oct,23.0,176,58,66,64,1047.69,6,4.14,no
2025-10-18,Bondi,Saturday,True,Oct,20.8,175,69,56,58,981.01,3,4.34,no
2025-10-19,Bondi,Sunday,True,Oct,25.3,223,66,98,85,1411.71,4,4.27,no
2025-10-20,Bondi,Monday,False,Oct,22.5,155,44,60,67,959.4,4,4.52,no
2025-10-21,Bondi,Tuesday,False,Oct,18.2,160,73,39,54,868.59,4,4.31,no
2025-10-22,Bondi,Wednesday,False,Oct,22.4,153,34,59,50,799.4,4,4.7,no
2025-10-23,Bondi,Thursday,False,Oct,28.1,154,30,87,53,1012.59,3,4.28,no
2025-10-24,Bondi,Friday,False,Oct,27.8,126,32,66,64,978.61,3,4.43,no
2025-10-25,Bondi,Saturday,True,Oct,26.5,201,45,106,53,1132.49,5,4.55,no
2025-10-26,Bondi,Sunday,True,Oct,19.3,207,104,42,88,1171.67,5,4.28,no
2025-10-27,Bondi,Monday,False,Oct,24.7,150,53,68,59,1004.73,3,4.47,no
2025-10-28,Bondi,Tuesday,False,Oct,28.8,155,31,87,66,1049.58,3,4.78,no
2025-10-29,Bondi,Wednesday,False,Oct,23.3,137,35,63,78,987.86,4,3.98,no
2025-10-30,Bondi,Thursday,False,Oct,27.3,164,64,83,70,1204.84,3,4.25,no
2025-10-31,Bondi,Friday,False,Oct,22.8,157,68,58,59,1036.0,4,4.18,no
2025-11-01,Bondi,Saturday,True,Nov,27.2,190,75,103,70,1403.54,4,4.47,yes
2025-11-02,Bondi,Sunday,True,Nov,23.5,225,65,94,96,1421.25,4,4.34,no
2025-11-03,Bondi,Monday,False,Nov,26.2,156,50,75,49,1002.89,2,4.77,no
2025-11-04,Bondi,Tuesday,False,Nov,24.7,144,41,68,54,945.35,3,4.27,no
2025-11-05,Bondi,Wednesday,False,Nov,28.2,155,37,86,67,1120.85,3,4.3,yes
2025-11-06,Bondi,Thursday,False,Nov,27.1,185,50,96,82,1258.64,4,4.21,no
2025-11-07,Bondi,Friday,False,Nov,26.3,148,28,84,55,989.02,4,4.34,no
2025-11-08,Bondi,Saturday,True,Nov,28.0,212,41,119,82,1347.69,4,4.0,no
2025-11-09,Bondi,Sunday,True,Nov,24.8,218,69,93,81,1335.04,5,3.87,no
2025-11-10,Bondi,Monday,False,Nov,32.9,143,8,98,55,907.47,4,4.19,no
2025-11-11,Bondi,Tuesday,False,Nov,22.9,129,52,50,46,784.98,2,4.34,no
2025-11-12,Bondi,Wednesday,False,Nov,27.8,165,61,73,48,1005.46,4,3.85,no
2025-11-13,Bondi,Thursday,False,Nov,23.5,137,41,56,47,791.25,3,4.07,yes
2025-11-14,Bondi,Friday,False,Nov,26.4,139,20,80,59,898.5,3,4.46,no
2025-11-15,Bondi,Saturday,True,Nov,30.2,197,30,136,67,1322.48,6,4.79,yes
2025-11-16,Bondi,Sunday,True,Nov,26.7,228,56,123,83,1488.83,6,4.33,no
2025-11-17,Bondi,Monday,False,Nov,28.9,127,42,67,51,905.4,3,4.62,no
2025-11-18,Bondi,Tuesday,False,Nov,22.1,164,55,43,77,982.54,3,4.29,no
2025-11-19,Bondi,Wednesday,False,Nov,29.7,145,29,80,57,957.24,3,4.53,no
2025-11-20,Bondi,Thursday,False,Nov,27.1,147,52,70,53,951.15,3,4.03,no
2025-11-21,Bondi,Friday,False,Nov,29.6,178,41,98,85,1268.23,5,4.76,no
2025-11-22,Bondi,Saturday,True,Nov,30.7,229,53,147,91,1670.2,6,4.22,no
2025-11-23,Bondi,Sunday,True,Nov,22.6,248,92,94,97,1562.45,6,4.34,no
2025-11-24,Bondi,Monday,False,Nov,26.4,182,46,84,89,1263.79,5,4.32,yes
2025-11-25,Bondi,Tuesday,False,Nov,29.9,171,23,101,58,1018.81,5,4.2,no
2025-11-26,Bondi,Wednesday,False,Nov,28.7,161,30,93,47,1025.12,3,4.17,no
2025-11-27,Bondi,Thursday,False,Nov,26.7,161,31,86,64,1017.9,4,3.96,no
2025-11-28,Bondi,Friday,False,Nov,30.0,135,28,81,44,873.91,4,4.38,no
2025-11-29,Bondi,Saturday,True,Nov,28.3,213,58,120,88,1525.56,6,3.87,no
2025-11-30,Bondi,Sunday,True,Nov,22.6,232,90,76,95,1390.85,5,4.23,no
2025-12-01,Bondi,Monday,False,Dec,24.6,166,49,78,64,1102.51,4,4.3,yes
2025-12-02,Bondi,Tuesday,False,Dec,27.7,172,48,90,66,1179.96,3,4.31,no
2025-12-03,Bondi,Wednesday,False,Dec,29.7,181,43,109,86,1376.49,3,3.88,no
2025-12-04,Bondi,Thursday,False,Dec,27.8,166,51,88,73,1163.73,4,4.22,no
2025-12-05,Bondi,Friday,False,Dec,30.5,158,48,99,72,1267.94,3,3.96,no
2025-12-06,Bondi,Saturday,True,Dec,28.2,218,54,117,104,1548.76,5,4.36,no
2025-12-07,Bondi,Sunday,True,Dec,26.0,186,53,86,63,1108.86,4,4.18,no
2025-12-08,Bondi,Monday,False,Dec,25.0,151,42,71,44,874.31,3,4.5,no
2025-12-09,Bondi,Tuesday,False,Dec,30.9,153,32,96,50,1002.91,3,4.49,no
2025-12-10,Bondi,Wednesday,False,Dec,25.7,149,50,73,51,964.06,3,4.25,no
2025-12-11,Bondi,Thursday,False,Dec,28.2,165,39,90,53,1021.92,3,4.57,no
2025-12-12,Bondi,Friday,False,Dec,30.2,190,36,112,60,1201.89,4,4.31,no
2025-12-13,Bondi,Saturday,True,Dec,28.9,198,44,111,75,1327.74,4,4.21,no
2025-12-14,Bondi,Sunday,True,Dec,32.2,217,34,137,85,1500.3,6,4.23,no
2025-12-15,Bondi,Monday,False,Dec,28.8,164,30,90,71,1095.37,4,4.16,yes
2025-12-16,Bondi,Tuesday,False,Dec,30.5,174,30,95,72,1131.44,3,4.08,no
2025-12-17,Bondi,Wednesday,False,Dec,28.7,190,61,103,70,1298.5,5,4.57,no
2025-12-18,Bondi,Thursday,False,Dec,34.8,182,1,140,62,1225.33,4,4.51,no
2025-12-19,Bondi,Friday,False,Dec,32.9,199,33,138,80,1478.0,5,4.17,no
2025-12-20,Bondi,Saturday,True,Dec,30.5,194,36,120,76,1322.44,5,4.49,no
2025-12-21,Bondi,Sunday,True,Dec,31.1,235,32,152,80,1537.61,5,5.0,no
2025-12-22,Bondi,Monday,False,Dec,28.3,175,24,93,65,1025.07,4,3.85,no
2025-12-23,Bondi,Tuesday,False,Dec,29.9,162,32,89,53,999.51,3,3.93,no
2025-12-24,Bondi,Wednesday,False,Dec,28.5,169,45,88,62,1102.6,4,4.41,no
2025-12-25,Bondi,Thursday,False,Dec,30.7,140,9,85,32,737.05,3,4.69,no
2025-12-26,Bondi,Friday,False,Dec,33.1,157,29,109,63,1169.01,4,4.03,no
2025-12-27,Bondi,Saturday,True,Dec,26.9,228,55,114,89,1445.31,6,4.82,no
2025-12-28,Bondi,Sunday,True,Dec,28.8,194,38,121,63,1305.02,3,4.15,no
2025-12-29,Bondi,Monday,False,Dec,29.7,143,16,98,57,998.25,2,4.12,no
2025-12-30,Bondi,Tuesday,False,Dec,32.9,157,18,108,64,1046.3,4,4.12,no
2025-12-31,Bondi,Wednesday,False,Dec,23.6,145,63,64,48,946.49,4,4.38,no
2025-01-01,Newtown,Wednesday,False,Jan,30.3,126,28,80,63,999.47,3,4.34,yes
2025-01-02,Newtown,Thursday,False,Jan,33.1,117,10,92,57,912.03,3,4.41,yes
2025-01-03,Newtown,Friday,False,Jan,29.1,119,28,78,46,875.84,2,3.78,no
2025-01-04,Newtown,Saturday,True,Jan,29.3,175,49,94,71,1212.5,3,4.22,no
2025-01-05,Newtown,Sunday,True,Jan,27.7,146,33,89,52,1036.04,4,4.43,no
2025-01-06,Newtown,Monday,False,Jan,32.8,152,20,103,62,1005.21,3,4.18,no
2025-01-07,Newtown,Tuesday,False,Jan,30.5,136,26,83,50,925.74,3,4.57,no
2025-01-08,Newtown,Wednesday,False,Jan,31.4,138,26,80,64,969.5,3,3.46,no
2025-01-09,Newtown,Thursday,False,Jan,31.2,140,16,100,54,976.64,3,4.29,no
2025-01-10,Newtown,Friday,False,Jan,32.4,120,32,76,36,841.48,4,4.48,no
2025-01-11,Newtown,Saturday,True,Jan,34.4,183,20,131,79,1360.08,5,4.21,yes
2025-01-12,Newtown,Sunday,True,Jan,29.9,182,47,104,72,1241.86,2,3.75,no
2025-01-13,Newtown,Monday,False,Jan,30.8,134,30,80,33,771.44,2,4.3,no
2025-01-14,Newtown,Tuesday,False,Jan,32.2,130,32,78,46,889.61,3,4.17,no
2025-01-15,Newtown,Wednesday,False,Jan,29.5,113,21,67,52,756.8,3,4.28,yes
2025-01-16,Newtown,Thursday,False,Jan,30.6,120,14,68,53,774.84,3,4.53,no
2025-01-17,Newtown,Friday,False,Jan,30.4,126,21,82,49,896.63,3,4.87,no
2025-01-18,Newtown,Saturday,True,Jan,34.1,198,35,134,77,1444.04,4,4.36,no
2025-01-19,Newtown,Sunday,True,Jan,30.1,198,22,118,62,1149.7,5,4.1,no
2025-01-20,Newtown,Monday,False,Jan,33.8,135,9,97,64,993.53,2,3.96,no
2025-01-21,Newtown,Tuesday,False,Jan,30.5,142,25,82,73,1031.97,3,4.31,no
2025-01-22,Newtown,Wednesday,False,Jan,32.3,145,33,92,52,1022.01,3,4.07,no
2025-01-23,Newtown,Thursday,False,Jan,31.5,127,14,79,37,744.69,3,4.38,no
2025-01-24,Newtown,Friday,False,Jan,31.6,157,42,101,63,1207.58,3,4.62,no
2025-01-25,Newtown,Saturday,True,Jan,31.5,173,27,98,75,1161.94,5,4.35,no
2025-01-26,Newtown,Sunday,True,Jan,27.2,181,45,90,64,1106.78,3,4.63,no
2025-01-27,Newtown,Monday,False,Jan,29.2,125,26,77,49,840.93,3,3.98,no
2025-01-28,Newtown,Tuesday,False,Jan,33.0,126,12,83,54,921.33,3,4.56,no
2025-01-29,Newtown,Wednesday,False,Jan,31.2,134,17,93,42,887.33,3,4.7,no
2025-01-30,Newtown,Thursday,False,Jan,31.5,134,16,90,42,818.51,4,4.44,no
2025-01-31,Newtown,Friday,False,Jan,30.7,155,43,89,51,1027.04,3,4.31,no
2025-02-01,Newtown,Saturday,True,Feb,31.7,168,39,99,75,1231.42,4,4.41,yes
2025-02-02,Newtown,Sunday,True,Feb,26.3,172,46,91,57,1119.34,4,4.5,no
2025-02-03,Newtown,Monday,False,Feb,29.1,135,32,79,50,912.86,3,4.54,no
2025-02-04,Newtown,Tuesday,False,Feb,29.6,128,34,75,36,838.94,2,4.07,yes
2025-02-05,Newtown,Wednesday,False,Feb,29.7,122,25,68,43,731.57,2,4.16,no
2025-02-06,Newtown,Thursday,False,Feb,32.8,171,18,116,66,1185.03,4,4.0,no
2025-02-07,Newtown,Friday,False,Feb,30.1,110,36,58,21,651.59,2,4.67,no
2025-02-08,Newtown,Saturday,True,Feb,28.0,194,65,101,88,1419.73,5,4.35,no
2025-02-09,Newtown,Sunday,True,Feb,32.8,182,31,128,81,1413.31,4,4.32,no
2025-02-10,Newtown,Monday,False,Feb,29.8,127,22,86,65,977.06,3,4.18,no
2025-02-11,Newtown,Tuesday,False,Feb,29.3,128,43,71,54,925.06,3,4.51,no
2025-02-12,Newtown,Wednesday,False,Feb,28.5,143,35,70,69,916.93,3,4.57,no
2025-02-13,Newtown,Thursday,False,Feb,28.0,117,26,51,45,674.37,3,4.26,no
2025-02-14,Newtown,Friday,False,Feb,25.7,126,35,58,39,687.8,3,4.53,no
2025-02-15,Newtown,Saturday,True,Feb,31.6,199,28,131,80,1357.68,5,4.27,yes
2025-02-16,Newtown,Sunday,True,Feb,27.1,193,49,106,80,1373.16,4,3.92,no
2025-02-17,Newtown,Monday,False,Feb,31.3,133,40,75,52,983.05,4,4.18,no
2025-02-18,Newtown,Tuesday,False,Feb,27.7,118,34,61,57,833.05,3,4.31,no
2025-02-19,Newtown,Wednesday,False,Feb,32.2,125,12,90,39,849.65,2,3.96,no
2025-02-20,Newtown,Thursday,False,Feb,29.4,126,25,61,52,798.29,2,4.37,no
2025-02-21,Newtown,Friday,False,Feb,31.8,119,11,86,58,928.8,2,4.21,yes
2025-02-22,Newtown,Saturday,True,Feb,31.8,155,33,97,63,1081.02,3,4.42,no
2025-02-23,Newtown,Sunday,True,Feb,29.7,188,17,111,82,1250.28,5,4.55,no
2025-02-24,Newtown,Monday,False,Feb,32.6,134,15,95,49,925.48,4,4.39,no
2025-02-25,Newtown,Tuesday,False,Feb,25.7,136,40,65,60,943.89,3,4.37,no
2025-02-26,Newtown,Wednesday,False,Feb,30.6,139,19,86,60,977.72,2,4.4,no
2025-02-27,Newtown,Thursday,False,Feb,23.3,128,33,58,42,775.15,2,4.03,no
2025-02-28,Newtown,Friday,False,Feb,30.2,138,27,80,53,908.01,3,4.0,no
2025-03-01,Newtown,Saturday,True,Mar,27.9,215,44,119,81,1403.57,5,4.43,yes
2025-03-02,Newtown,Sunday,True,Mar,29.5,171,51,103,61,1209.95,4,4.65,no
2025-03-03,Newtown,Monday,False,Mar,31.3,127,28,79,54,963.4,4,3.8,no
2025-03-04,Newtown,Tuesday,False,Mar,26.5,98,23,51,34,582.06,2,4.24,no
2025-03-05,Newtown,Wednesday,False,Mar,27.7,129,35,67,48,818.72,2,4.32,no
2025-03-06,Newtown,Thursday,False,Mar,28.3,120,13,67,36,666.53,3,4.21,no
2025-03-07,Newtown,Friday,False,Mar,24.8,119,20,55,34,615.34,4,4.49,no
2025-03-08,Newtown,Saturday,True,Mar,31.0,165,21,102,73,1152.87,4,4.49,no
2025-03-09,Newtown,Sunday,True,Mar,28.0,175,30,102,57,1090.01,5,4.37,no
2025-03-10,Newtown,Monday,False,Mar,29.5,128,27,63,29,674.27,3,4.42,no
2025-03-11,Newtown,Tuesday,False,Mar,25.8,127,15,58,41,639.3,3,4.07,no
2025-03-12,Newtown,Wednesday,False,Mar,28.6,125,26,64,44,784.14,4,3.94,no
2025-03-13,Newtown,Thursday,False,Mar,27.2,131,22,73,57,839.37,3,4.07,no
2025-03-14,Newtown,Friday,False,Mar,31.0,137,19,88,67,1040.34,4,4.27,no
2025-03-15,Newtown,Saturday,True,Mar,26.6,189,55,89,86,1311.27,5,4.42,yes
2025-03-16,Newtown,Sunday,True,Mar,27.7,190,47,105,67,1209.06,5,4.19,no
2025-03-17,Newtown,Monday,False,Mar,28.7,113,27,55,42,709.4,3,4.58,no
2025-03-18,Newtown,Tuesday,False,Mar,27.4,124,37,61,50,877.87,3,4.12,no
2025-03-19,Newtown,Wednesday,False,Mar,25.7,148,44,60,50,862.42,3,3.87,no
2025-03-20,Newtown,Thursday,False,Mar,26.6,147,30,82,60,962.28,2,4.63,no
2025-03-21,Newtown,Friday,False,Mar,25.2,120,34,61,43,786.21,3,4.2,no
2025-03-22,Newtown,Saturday,True,Mar,28.2,162,57,82,73,1197.81,4,4.37,no
2025-03-23,Newtown,Sunday,True,Mar,25.7,173,54,81,59,1091.67,3,4.29,no
2025-03-24,Newtown,Monday,False,Mar,22.4,119,37,46,53,738.2,3,4.51,no
2025-03-25,Newtown,Tuesday,False,Mar,29.0,105,21,63,46,706.82,2,4.07,no
2025-03-26,Newtown,Wednesday,False,Mar,25.5,124,31,57,35,684.67,3,4.58,no
2025-03-27,Newtown,Thursday,False,Mar,27.7,105,14,60,42,647.11,2,4.15,no
2025-03-28,Newtown,Friday,False,Mar,23.3,132,45,55,53,864.17,2,4.3,no
2025-03-29,Newtown,Saturday,True,Mar,23.4,172,66,65,59,1037.78,4,4.6,no
2025-03-30,Newtown,Sunday,True,Mar,23.1,180,82,56,79,1149.55,5,4.4,no
2025-03-31,Newtown,Monday,False,Mar,18.9,116,46,32,40,632.46,2,4.24,no
2025-04-01,Newtown,Tuesday,False,Apr,24.1,116,39,50,59,801.74,4,4.24,yes
2025-04-02,Newtown,Wednesday,False,Apr,22.0,102,21,43,46,628.99,2,4.11,no
2025-04-03,Newtown,Thursday,False,Apr,24.4,133,37,58,55,810.45,3,4.32,no
2025-04-04,Newtown,Friday,False,Apr,21.4,117,61,31,53,749.7,3,4.77,no
2025-04-05,Newtown,Saturday,True,Apr,21.2,134,66,37,53,805.52,3,4.2,no
2025-04-06,Newtown,Sunday,True,Apr,22.3,158,41,70,56,971.69,4,4.03,no
2025-04-07,Newtown,Monday,False,Apr,26.2,100,9,59,44,622.56,2,4.53,no
2025-04-08,Newtown,Tuesday,False,Apr,23.1,124,40,49,37,713.79,3,4.23,no
2025-04-09,Newtown,Wednesday,False,Apr,22.4,99,28,36,49,603.53,2,4.3,no
2025-04-10,Newtown,Thursday,False,Apr,24.1,121,29,65,48,873.99,2,4.55,no
2025-04-11,Newtown,Friday,False,Apr,19.6,112,30,39,40,628.97,2,4.36,no
2025-04-12,Newtown,Saturday,True,Apr,21.1,154,64,51,59,996.81,4,4.38,no
2025-04-13,Newtown,Sunday,True,Apr,22.2,151,44,58,61,940.16,4,4.19,yes
2025-04-14,Newtown,Monday,False,Apr,23.5,137,43,54,61,882.16,3,4.43,no
2025-04-15,Newtown,Tuesday,False,Apr,21.8,135,48,48,53,829.24,5,4.08,yes
2025-04-16,Newtown,Wednesday,False,Apr,22.4,148,54,57,43,873.4,4,4.53,yes
2025-04-17,Newtown,Thursday,False,Apr,22.8,118,37,51,51,741.31,2,3.5,yes
2025-04-18,Newtown,Friday,False,Apr,23.7,116,20,62,41,683.12,2,4.16,no
2025-04-19,Newtown,Saturday,True,Apr,19.2,190,87,54,60,1079.67,5,4.25,no
2025-04-20,Newtown,Sunday,True,Apr,21.0,161,67,60,49,912.12,3,4.29,no
2025-04-21,Newtown,Monday,False,Apr,23.9,109,29,58,25,660.23,3,4.38,no
2025-04-22,Newtown,Tuesday,False,Apr,20.4,121,53,38,57,841.46,3,4.26,no
2025-04-23,Newtown,Wednesday,False,Apr,21.6,130,38,45,29,625.61,2,4.28,no
2025-04-24,Newtown,Thursday,False,Apr,17.0,93,44,23,32,516.84,2,4.28,no
2025-04-25,Newtown,Friday,False,Apr,21.7,131,53,44,51,825.17,4,4.48,no
2025-04-26,Newtown,Saturday,True,Apr,22.5,153,56,59,69,1046.34,5,4.0,no
2025-04-27,Newtown,Sunday,True,Apr,16.1,151,88,21,64,877.98,4,4.51,no
2025-04-28,Newtown,Monday,False,Apr,20.9,142,51,53,53,880.54,3,4.16,no
2025-04-29,Newtown,Tuesday,False,Apr,22.7,107,44,40,40,707.45,2,4.51,no
2025-04-30,Newtown,Wednesday,False,Apr,16.2,102,42,22,26,510.93,2,4.26,no
2025-05-01,Newtown,Thursday,False,May,18.6,122,48,37,55,747.65,2,4.34,yes
2025-05-02,Newtown,Friday,False,May,17.2,122,52,28,51,717.08,2,4.2,yes
2025-05-03,Newtown,Saturday,True,May,20.7,149,63,43,62,858.83,2,4.11,no
2025-05-04,Newtown,Sunday,True,May,17.8,168,80,36,55,920.22,4,4.66,no
2025-05-05,Newtown,Monday,False,May,21.8,121,58,41,40,756.8,4,4.54,no
2025-05-06,Newtown,Tuesday,False,May,19.7,108,32,32,42,544.28,3,4.4,no
2025-05-07,Newtown,Wednesday,False,May,24.4,92,25,33,29,505.99,2,4.13,no
2025-05-08,Newtown,Thursday,False,May,17.1,109,38,25,40,571.45,3,3.95,no
2025-05-09,Newtown,Friday,False,May,20.6,119,39,32,45,607.38,2,4.54,no
2025-05-10,Newtown,Saturday,True,May,20.0,174,56,60,76,1061.74,4,4.74,no
2025-05-11,Newtown,Sunday,True,May,22.2,156,51,56,58,868.96,3,4.26,yes
2025-05-12,Newtown,Monday,False,May,12.6,83,34,13,43,462.41,2,3.9,no
2025-05-13,Newtown,Tuesday,False,May,17.4,123,55,40,33,693.64,3,4.12,no
2025-05-14,Newtown,Wednesday,False,May,21.8,107,45,46,31,716.05,3,4.38,no
2025-05-15,Newtown,Thursday,False,May,18.4,130,46,39,51,738.92,3,3.98,yes
2025-05-16,Newtown,Friday,False,May,15.6,96,26,25,37,468.01,2,4.5,no
2025-05-17,Newtown,Saturday,True,May,20.5,151,56,52,63,961.2,3,4.29,no
2025-05-18,Newtown,Sunday,True,May,15.9,179,82,34,52,869.2,3,4.12,no
2025-05-19,Newtown,Monday,False,May,17.0,104,46,18,26,443.64,3,4.37,no
2025-05-20,Newtown,Tuesday,False,May,18.7,135,59,34,39,668.6,4,5.0,no
2025-05-21,Newtown,Wednesday,False,May,12.9,133,70,22,63,810.43,3,4.52,no
2025-05-22,Newtown,Thursday,False,May,18.7,119,55,32,46,665.87,3,3.9,no
2025-05-23,Newtown,Friday,False,May,12.5,124,66,11,58,721.7,3,3.72,no
2025-05-24,Newtown,Saturday,True,May,15.9,146,61,34,54,822.71,4,4.13,no
2025-05-25,Newtown,Sunday,True,May,19.3,179,75,53,77,1123.07,4,4.27,no
2025-05-26,Newtown,Monday,False,May,14.7,103,48,19,26,492.55,3,4.68,no
2025-05-27,Newtown,Tuesday,False,May,14.1,123,63,19,45,669.24,2,4.62,no
2025-05-28,Newtown,Wednesday,False,May,15.7,134,59,33,50,748.03,3,4.24,no
2025-05-29,Newtown,Thursday,False,May,14.9,120,61,23,43,690.48,3,4.33,no
2025-05-30,Newtown,Friday,False,May,10.5,122,64,10,44,618.81,2,4.49,no
2025-05-31,Newtown,Saturday,True,May,17.9,164,84,31,58,942.67,4,4.53,no
2025-06-01,Newtown,Sunday,True,Jun,22.6,150,64,52,44,920.14,4,4.68,yes
2025-06-02,Newtown,Monday,False,Jun,18.2,117,51,23,49,652.93,3,4.12,no
2025-06-03,Newtown,Tuesday,False,Jun,16.3,122,50,26,31,622.89,2,4.05,no
2025-06-04,Newtown,Wednesday,False,Jun,17.6,100,45,28,28,548.31,2,4.26,no
2025-06-05,Newtown,Thursday,False,Jun,14.7,98,49,14,40,485.63,2,4.44,no
2025-06-06,Newtown,Friday,False,Jun,15.1,113,53,19,43,625.2,3,4.3,no
2025-06-07,Newtown,Saturday,True,Jun,15.6,132,68,21,51,764.0,3,4.43,no
2025-06-08,Newtown,Sunday,True,Jun,14.9,145,68,35,49,791.91,4,4.06,no
2025-06-09,Newtown,Monday,False,Jun,15.2,125,69,17,49,725.79,4,4.33,yes
2025-06-10,Newtown,Tuesday,False,Jun,16.9,90,33,21,23,376.18,2,4.53,no
2025-06-11,Newtown,Wednesday,False,Jun,14.9,124,58,21,37,631.26,3,4.65,no
2025-06-12,Newtown,Thursday,False,Jun,13.9,91,48,20,39,568.84,2,4.2,no
2025-06-13,Newtown,Friday,False,Jun,12.9,122,56,16,33,530.64,3,3.95,no
2025-06-14,Newtown,Saturday,True,Jun,17.2,156,59,27,67,856.4,3,4.44,no
2025-06-15,Newtown,Sunday,True,Jun,12.8,162,96,15,77,974.77,5,3.94,yes
2025-06-16,Newtown,Monday,False,Jun,16.5,110,41,39,34,666.39,2,4.42,no
2025-06-17,Newtown,Tuesday,False,Jun,17.6,108,44,32,31,527.08,3,4.37,no
2025-06-18,Newtown,Wednesday,False,Jun,13.3,123,89,7,44,703.88,4,4.36,no
2025-06-19,Newtown,Thursday,False,Jun,16.3,115,42,31,33,591.18,2,3.69,no
2025-06-20,Newtown,Friday,False,Jun,15.5,98,38,26,36,501.26,2,4.25,no
2025-06-21,Newtown,Saturday,True,Jun,14.3,162,92,12,60,819.96,4,4.09,no
2025-06-22,Newtown,Sunday,True,Jun,12.9,154,97,12,62,925.52,3,4.15,no
2025-06-23,Newtown,Monday,False,Jun,12.6,94,50,10,29,451.9,2,4.34,no
2025-06-24,Newtown,Tuesday,False,Jun,17.9,109,34,33,44,606.47,3,4.54,no
2025-06-25,Newtown,Wednesday,False,Jun,16.5,87,34,27,22,469.29,2,4.02,no
2025-06-26,Newtown,Thursday,False,Jun,14.8,88,63,9,26,510.49,2,4.57,no
2025-06-27,Newtown,Friday,False,Jun,7.2,101,54,3,54,581.07,2,4.45,no
2025-06-28,Newtown,Saturday,True,Jun,11.8,154,85,8,59,795.07,4,4.36,no
2025-06-29,Newtown,Sunday,True,Jun,10.7,119,68,10,32,607.89,2,3.89,no
2025-06-30,Newtown,Monday,False,Jun,15.0,142,66,16,51,685.6,3,4.1,no
2025-07-01,Newtown,Tuesday,False,Jul,12.2,118,56,16,49,648.08,2,4.19,yes
2025-07-02,Newtown,Wednesday,False,Jul,13.4,149,71,20,55,753.43,4,3.69,no
2025-07-03,Newtown,Thursday,False,Jul,15.4,114,61,21,31,602.95,2,3.93,no
2025-07-04,Newtown,Friday,False,Jul,11.2,103,47,11,44,592.83,2,4.57,no
2025-07-05,Newtown,Saturday,True,Jul,10.0,126,58,4,48,574.09,3,4.43,no
2025-07-06,Newtown,Sunday,True,Jul,12.3,165,92,20,61,925.78,3,4.5,no
2025-07-07,Newtown,Monday,False,Jul,11.5,94,56,3,39,524.63,3,4.77,no
2025-07-08,Newtown,Tuesday,False,Jul,12.2,90,50,14,31,493.71,2,3.58,no
2025-07-09,Newtown,Wednesday,False,Jul,14.0,106,59,9,44,627.15,3,4.47,no
2025-07-10,Newtown,Thursday,False,Jul,9.7,101,61,0,48,583.92,3,4.31,no
2025-07-11,Newtown,Friday,False,Jul,12.4,79,43,9,14,326.38,2,4.17,no
2025-07-12,Newtown,Saturday,True,Jul,11.5,165,86,14,46,772.19,4,3.88,no
2025-07-13,Newtown,Sunday,True,Jul,15.9,135,47,29,43,660.85,2,3.88,no
2025-07-14,Newtown,Monday,False,Jul,12.1,85,52,7,46,536.42,3,4.47,no
2025-07-15,Newtown,Tuesday,False,Jul,14.4,130,65,30,48,783.64,3,4.35,yes
2025-07-16,Newtown,Wednesday,False,Jul,13.7,134,74,11,41,671.38,4,4.69,no
2025-07-17,Newtown,Thursday,False,Jul,13.2,119,65,16,47,677.25,3,4.43,no
2025-07-18,Newtown,Friday,False,Jul,12.0,89,43,8,38,497.59,2,4.09,no
2025-07-19,Newtown,Saturday,True,Jul,16.7,157,70,38,55,884.59,4,4.35,no
2025-07-20,Newtown,Sunday,True,Jul,9.0,133,73,0,53,606.64,3,4.41,no
2025-07-21,Newtown,Monday,False,Jul,13.7,126,62,14,58,681.87,3,3.82,no
2025-07-22,Newtown,Tuesday,False,Jul,14.9,97,58,6,39,560.19,3,4.37,yes
2025-07-23,Newtown,Wednesday,False,Jul,12.5,104,55,3,38,450.67,2,4.64,no
2025-07-24,Newtown,Thursday,False,Jul,15.2,124,68,22,45,688.83,3,4.33,no
2025-07-25,Newtown,Friday,False,Jul,13.3,102,48,19,35,564.74,2,4.3,no
2025-07-26,Newtown,Saturday,True,Jul,13.4,167,85,20,62,859.79,4,4.19,no
2025-07-27,Newtown,Sunday,True,Jul,14.2,143,102,17,52,917.22,2,4.08,no
2025-07-28,Newtown,Monday,False,Jul,10.5,93,49,4,33,446.37,3,4.36,no
2025-07-29,Newtown,Tuesday,False,Jul,16.6,129,47,26,40,634.72,3,4.11,yes
2025-07-30,Newtown,Wednesday,False,Jul,17.3,109,45,24,31,607.23,2,4.35,no
2025-07-31,Newtown,Thursday,False,Jul,16.1,94,48,8,39,552.42,2,4.07,no
2025-08-01,Newtown,Friday,False,Aug,11.5,97,57,8,31,522.46,2,4.34,yes
2025-08-02,Newtown,Saturday,True,Aug,12.2,152,88,17,50,819.92,3,4.33,no
2025-08-03,Newtown,Sunday,True,Aug,17.3,140,69,27,64,843.66,5,3.78,no
2025-08-04,Newtown,Monday,False,Aug,16.5,125,73,22,58,838.65,3,4.25,no
2025-08-05,Newtown,Tuesday,False,Aug,14.5,104,58,12,27,517.27,2,3.87,no
2025-08-06,Newtown,Wednesday,False,Aug,16.7,113,53,17,51,609.0,2,4.63,no
2025-08-07,Newtown,Thursday,False,Aug,12.3,121,63,22,34,586.54,3,3.81,no
2025-08-08,Newtown,Friday,False,Aug,16.1,71,37,14,22,396.54,2,4.61,no
2025-08-09,Newtown,Saturday,True,Aug,14.7,134,62,16,57,720.13,3,4.37,no
2025-08-10,Newtown,Sunday,True,Aug,16.7,162,75,32,50,818.19,4,3.97,no
2025-08-11,Newtown,Monday,False,Aug,19.1,107,41,22,40,575.66,2,4.55,no
2025-08-12,Newtown,Tuesday,False,Aug,11.2,124,88,6,42,688.22,2,4.22,no
2025-08-13,Newtown,Wednesday,False,Aug,13.6,127,77,20,49,797.0,4,4.27,no
2025-08-14,Newtown,Thursday,False,Aug,18.0,118,51,30,43,676.06,2,4.32,no
2025-08-15,Newtown,Friday,False,Aug,18.5,121,64,43,50,901.36,3,4.5,yes
2025-08-16,Newtown,Saturday,True,Aug,12.0,150,81,23,54,830.51,3,4.13,no
2025-08-17,Newtown,Sunday,True,Aug,17.3,165,64,39,61,937.05,3,4.17,no
2025-08-18,Newtown,Monday,False,Aug,16.6,92,35,22,32,451.8,2,4.18,no
2025-08-19,Newtown,Tuesday,False,Aug,17.4,116,45,43,45,735.32,4,4.68,no
2025-08-20,Newtown,Wednesday,False,Aug,15.6,103,43,24,34,555.48,3,4.56,no
2025-08-21,Newtown,Thursday,False,Aug,14.9,76,37,12,34,485.19,2,3.83,no
2025-08-22,Newtown,Friday,False,Aug,14.3,121,46,19,38,541.33,2,4.27,no
2025-08-23,Newtown,Saturday,True,Aug,17.7,148,67,34,56,866.42,3,3.67,no
2025-08-24,Newtown,Sunday,True,Aug,17.0,150,49,50,50,810.4,4,4.18,no
2025-08-25,Newtown,Monday,False,Aug,14.2,130,51,23,49,629.19,3,4.31,no
2025-08-26,Newtown,Tuesday,False,Aug,14.6,87,34,15,50,550.14,3,4.2,no
2025-08-27,Newtown,Wednesday,False,Aug,16.0,91,41,13,33,421.04,2,4.72,no
2025-08-28,Newtown,Thursday,False,Aug,14.9,120,53,23,41,664.36,3,4.52,no
2025-08-29,Newtown,Friday,False,Aug,10.7,113,51,5,46,546.43,3,3.8,no
2025-08-30,Newtown,Saturday,True,Aug,16.2,147,72,33,69,937.08,5,4.38,no
2025-08-31,Newtown,Sunday,True,Aug,17.8,150,78,36,37,757.59,5,4.53,no
2025-09-01,Newtown,Monday,False,Sep,16.7,116,56,20,35,616.5,3,4.39,yes
2025-09-02,Newtown,Tuesday,False,Sep,17.0,110,69,19,48,710.51,3,4.69,no
2025-09-03,Newtown,Wednesday,False,Sep,17.8,125,67,31,56,848.07,2,4.49,no
2025-09-04,Newtown,Thursday,False,Sep,18.3,75,43,9,20,383.83,2,4.57,no
2025-09-05,Newtown,Friday,False,Sep,13.6,120,54,15,27,582.5,2,4.23,no
2025-09-06,Newtown,Saturday,True,Sep,13.8,150,83,23,50,829.49,4,4.17,no
2025-09-07,Newtown,Sunday,True,Sep,11.9,140,89,4,51,774.38,3,4.54,no
2025-09-08,Newtown,Monday,False,Sep,17.2,97,36,33,20,473.66,2,4.65,no
2025-09-09,Newtown,Tuesday,False,Sep,20.7,145,43,45,46,750.07,2,4.11,no
2025-09-10,Newtown,Wednesday,False,Sep,14.7,111,74,13,60,740.64,2,4.34,no
2025-09-11,Newtown,Thursday,False,Sep,18.2,124,60,39,65,894.92,3,4.32,no
2025-09-12,Newtown,Friday,False,Sep,19.6,126,56,47,71,933.94,3,4.57,no
2025-09-13,Newtown,Saturday,True,Sep,16.6,131,57,28,50,754.65,3,4.01,no
2025-09-14,Newtown,Sunday,True,Sep,18.2,172,77,46,52,931.29,3,4.37,no
2025-09-15,Newtown,Monday,False,Sep,15.4,99,42,20,49,601.13,2,4.58,yes
2025-09-16,Newtown,Tuesday,False,Sep,14.7,128,74,17,42,668.56,2,4.31,yes
2025-09-17,Newtown,Wednesday,False,Sep,14.2,141,63,22,72,825.37,4,3.49,no
2025-09-18,Newtown,Thursday,False,Sep,18.5,114,38,33,52,685.33,3,4.14,no
2025-09-19,Newtown,Friday,False,Sep,19.0,127,51,37,43,729.98,4,4.26,no
2025-09-20,Newtown,Saturday,True,Sep,24.6,132,39,60,62,897.34,2,3.96,no
2025-09-21,Newtown,Sunday,True,Sep,18.3,145,52,35,41,676.55,3,4.26,no
2025-09-22,Newtown,Monday,False,Sep,22.5,89,31,40,48,697.47,2,4.42,no
2025-09-23,Newtown,Tuesday,False,Sep,21.1,123,60,39,46,771.72,3,4.19,no
2025-09-24,Newtown,Wednesday,False,Sep,19.2,155,63,48,55,913.25,3,4.45,no
2025-09-25,Newtown,Thursday,False,Sep,19.3,123,57,35,52,792.74,3,4.57,no
2025-09-26,Newtown,Friday,False,Sep,22.5,115,37,52,44,718.03,3,4.42,yes
2025-09-27,Newtown,Saturday,True,Sep,20.4,159,56,47,66,929.74,5,4.9,no
2025-09-28,Newtown,Sunday,True,Sep,21.1,166,57,59,39,875.44,4,4.33,no
2025-09-29,Newtown,Monday,False,Sep,22.1,131,44,51,56,857.9,4,4.06,no
2025-09-30,Newtown,Tuesday,False,Sep,17.5,111,36,42,41,645.86,3,4.2,no
2025-10-01,Newtown,Wednesday,False,Oct,20.3,130,53,42,43,729.01,3,3.99,yes
2025-10-02,Newtown,Thursday,False,Oct,18.9,103,51,28,39,663.54,3,4.28,no
2025-10-03,Newtown,Friday,False,Oct,20.4,100,25,37,25,466.17,2,4.34,no
2025-10-04,Newtown,Saturday,True,Oct,19.1,168,77,35,67,982.39,4,4.12,no
2025-10-05,Newtown,Sunday,True,Oct,22.8,192,55,89,86,1295.31,4,4.51,no
2025-10-06,Newtown,Monday,False,Oct,14.6,138,86,18,55,831.89,4,4.22,no
2025-10-07,Newtown,Tuesday,False,Oct,19.6,104,36,28,44,587.57,3,4.63,no
2025-10-08,Newtown,Wednesday,False,Oct,23.7,135,38,56,42,780.41,3,4.03,no
2025-10-09,Newtown,Thursday,False,Oct,20.4,122,40,38,51,650.96,3,4.6,no
2025-10-10,Newtown,Friday,False,Oct,24.1,120,36,55,41,748.48,3,3.73,no
2025-10-11,Newtown,Saturday,True,Oct,15.8,146,71,21,52,780.15,4,4.05,no
2025-10-12,Newtown,Sunday,True,Oct,22.9,150,38,56,63,881.09,3,3.89,no
2025-10-13,Newtown,Monday,False,Oct,22.5,111,41,35,49,713.66,3,4.32,no
2025-10-14,Newtown,Tuesday,False,Oct,22.4,128,34,52,41,700.36,3,4.14,no
2025-10-15,Newtown,Wednesday,False,Oct,24.4,140,46,56,63,903.5,4,3.89,yes
2025-10-16,Newtown,Thursday,False,Oct,21.4,129,48,55,33,712.92,2,4.51,no
2025-10-17,Newtown,Friday,False,Oct,24.9,129,38,55,40,763.69,2,4.29,no
2025-10-18,Newtown,Saturday,True,Oct,25.4,150,34,72,66,962.4,3,4.01,no
2025-10-19,Newtown,Sunday,True,Oct,20.8,153,45,58,60,925.99,3,3.67,no
2025-10-20,Newtown,Monday,False,Oct,18.4,108,49,28,38,598.97,3,4.35,no
2025-10-21,Newtown,Tuesday,False,Oct,20.4,119,51,38,47,738.66,4,4.25,yes
2025-10-22,Newtown,Wednesday,False,Oct,23.4,111,18,50,52,642.16,2,4.31,no
2025-10-23,Newtown,Thursday,False,Oct,21.4,113,56,47,52,849.55,2,4.06,no
2025-10-24,Newtown,Friday,False,Oct,25.5,140,46,72,47,904.98,2,4.26,no
2025-10-25,Newtown,Saturday,True,Oct,23.6,146,54,61,55,870.78,3,4.18,no
2025-10-26,Newtown,Sunday,True,Oct,23.1,173,62,67,74,1112.29,4,4.34,no
2025-10-27,Newtown,Monday,False,Oct,23.3,128,48,41,55,803.14,2,4.05,no
2025-10-28,Newtown,Tuesday,False,Oct,24.7,128,40,57,57,834.51,2,4.56,no
2025-10-29,Newtown,Wednesday,False,Oct,25.7,112,49,46,41,709.52,2,4.23,no
2025-10-30,Newtown,Thursday,False,Oct,24.5,105,37,44,45,698.82,2,3.73,no
2025-10-31,Newtown,Friday,False,Oct,21.4,115,46,40,43,683.6,3,4.87,no
2025-11-01,Newtown,Saturday,True,Nov,23.8,175,65,63,72,1089.95,5,4.53,yes
2025-11-02,Newtown,Sunday,True,Nov,26.1,128,44,58,43,762.22,2,4.7,no
2025-11-03,Newtown,Monday,False,Nov,26.9,125,3,73,36,712.3,3,4.36,no
2025-11-04,Newtown,Tuesday,False,Nov,20.3,117,38,37,56,744.93,2,4.53,no
2025-11-05,Newtown,Wednesday,False,Nov,25.7,116,10,70,42,738.31,3,3.84,no
2025-11-06,Newtown,Thursday,False,Nov,24.9,112,35,46,40,700.24,2,4.58,yes
2025-11-07,Newtown,Friday,False,Nov,26.8,119,7,74,55,783.18,2,4.68,no
2025-11-08,Newtown,Saturday,True,Nov,27.7,189,65,97,83,1364.03,4,4.09,no
2025-11-09,Newtown,Sunday,True,Nov,27.8,182,40,98,63,1121.89,4,4.47,no
2025-11-10,Newtown,Monday,False,Nov,24.1,109,30,50,26,624.59,3,4.3,no
2025-11-11,Newtown,Tuesday,False,Nov,25.8,111,38,59,51,834.44,3,4.45,no
2025-11-12,Newtown,Wednesday,False,Nov,24.0,125,33,49,50,765.31,2,4.56,no
2025-11-13,Newtown,Thursday,False,Nov,27.3,145,53,71,51,988.42,2,4.55,no
2025-11-14,Newtown,Friday,False,Nov,24.9,110,43,51,46,766.71,2,3.99,no
2025-11-15,Newtown,Saturday,True,Nov,22.4,164,52,69,60,991.86,4,4.47,yes
2025-11-16,Newtown,Sunday,True,Nov,30.1,159,31,88,49,961.92,3,4.04,no
2025-11-17,Newtown,Monday,False,Nov,29.2,136,32,74,54,925.09,3,3.93,no
2025-11-18,Newtown,Tuesday,False,Nov,24.4,120,45,51,41,760.83,3,4.14,no
2025-11-19,Newtown,Wednesday,False,Nov,25.8,132,21,64,34,604.83,3,4.36,no
2025-11-20,Newtown,Thursday,False,Nov,25.7,121,37,53,45,730.51,4,4.57,no
2025-11-21,Newtown,Friday,False,Nov,32.6,161,28,115,55,1141.25,3,4.16,no
2025-11-22,Newtown,Saturday,True,Nov,26.3,147,49,82,69,1084.24,4,4.06,no
2025-11-23,Newtown,Sunday,True,Nov,29.2,193,41,107,61,1195.28,4,4.15,no
2025-11-24,Newtown,Monday,False,Nov,27.5,128,37,69,60,905.66,2,4.42,no
2025-11-25,Newtown,Tuesday,False,Nov,31.2,138,21,97,46,979.8,3,4.1,no
2025-11-26,Newtown,Wednesday,False,Nov,27.2,141,52,70,44,942.79,3,4.69,no
2025-11-27,Newtown,Thursday,False,Nov,29.9,81,33,43,32,602.81,2,4.97,no
2025-11-28,Newtown,Friday,False,Nov,27.9,121,20,69,31,655.83,3,4.36,no
2025-11-29,Newtown,Saturday,True,Nov,24.2,160,59,66,64,1040.0,3,4.34,yes
2025-11-30,Newtown,Sunday,True,Nov,30.5,198,29,121,96,1433.37,5,4.33,no
2025-12-01,Newtown,Monday,False,Dec,28.7,132,30,65,49,820.35,3,4.42,yes
2025-12-02,Newtown,Tuesday,False,Dec,24.0,114,40,45,41,746.42,2,4.22,no
2025-12-03,Newtown,Wednesday,False,Dec,33.2,130,13,88,50,874.39,4,4.08,no
2025-12-04,Newtown,Thursday,False,Dec,27.4,137,41,74,57,983.72,3,4.56,no
2025-12-05,Newtown,Friday,False,Dec,29.7,106,18,59,23,611.83,3,4.61,no
2025-12-06,Newtown,Saturday,True,Dec,32.7,150,1,108,58,996.52,4,4.49,no
2025-12-07,Newtown,Sunday,True,Dec,27.3,164,46,80,59,1001.38,4,3.98,no
2025-12-08,Newtown,Monday,False,Dec,27.3,118,22,65,31,662.4,2,3.85,no
2025-12-09,Newtown,Tuesday,False,Dec,32.1,108,25,80,28,780.36,2,4.52,no
2025-12-10,Newtown,Wednesday,False,Dec,30.9,124,27,80,25,761.68,3,4.47,no
2025-12-11,Newtown,Thursday,False,Dec,31.3,118,11,79,51,818.61,3,4.34,no
2025-12-12,Newtown,Friday,False,Dec,28.7,112,31,68,29,673.53,3,4.14,no
2025-12-13,Newtown,Saturday,True,Dec,35.3,169,19,119,66,1231.31,4,3.95,yes
2025-12-14,Newtown,Sunday,True,Dec,34.3,150,27,107,59,1112.03,3,4.34,no
2025-12-15,Newtown,Monday,False,Dec,30.3,145,37,89,56,1060.25,3,4.79,yes
2025-12-16,Newtown,Tuesday,False,Dec,33.0,140,26,89,26,810.65,3,4.06,no
2025-12-17,Newtown,Wednesday,False,Dec,31.6,156,14,100,38,892.35,4,4.62,no
2025-12-18,Newtown,Thursday,False,Dec,28.4,120,29,65,51,826.09,4,4.35,no
2025-12-19,Newtown,Friday,False,Dec,32.7,144,11,93,43,875.68,4,4.4,no
2025-12-20,Newtown,Saturday,True,Dec,33.4,165,33,129,69,1334.04,4,3.91,yes
2025-12-21,Newtown,Sunday,True,Dec,28.2,175,59,94,59,1199.06,4,4.75,no
2025-12-22,Newtown,Monday,False,Dec,26.5,117,25,60,48,758.85,2,4.21,no
2025-12-23,Newtown,Tuesday,False,Dec,30.2,133,24,82,63,939.22,3,4.16,no
2025-12-24,Newtown,Wednesday,False,Dec,32.6,140,24,98,58,1036.89,4,4.58,no
2025-12-25,Newtown,Thursday,False,Dec,31.2,135,26,73,49,872.81,4,4.35,no
2025-12-26,Newtown,Friday,False,Dec,31.8,145,15,98,45,905.19,3,4.58,no
2025-12-27,Newtown,Saturday,True,Dec,36.0,201,7,160,82,1488.53,4,3.94,yes
2025-12-28,Newtown,Sunday,True,Dec,33.8,172,29,112,70,1188.65,5,4.09,no
2025-12-29,Newtown,Monday,False,Dec,32.4,121,19,79,42,831.29,3,3.82,no
2025-12-30,Newtown,Tuesday,False,Dec,27.8,128,29,70,57,885.02,3,4.77,no
2025-12-31,Newtown,Wednesday,False,Dec,30.4,131,28,77,41,881.87,4,3.67,no
2025-01-01,Chatswood,Wednesday,False,Jan,30.6,96,32,46,25,593.62,2,4.73,yes
2025-01-02,Chatswood,Thursday,False,Jan,28.5,125,46,62,57,929.84,2,4.74,no
2025-01-03,Chatswood,Friday,False,Jan,26.6,74,15,33,34,467.24,2,4.16,no
2025-01-04,Chatswood,Saturday,True,Jan,29.4,123,41,56,41,726.42,2,4.18,no
2025-01-05,Chatswood,Sunday,True,Jan,25.5,136,40,68,59,988.44,3,4.14,no
2025-01-06,Chatswood,Monday,False,Jan,35.0,108,4,77,47,764.98,2,4.16,no
2025-01-07,Chatswood,Tuesday,False,Jan,32.5,103,21,76,42,834.39,3,4.74,no
2025-01-08,Chatswood,Wednesday,False,Jan,32.7,126,13,89,50,949.04,3,4.15,no
2025-01-09,Chatswood,Thursday,False,Jan,30.2,87,24,43,28,575.17,2,3.93,no
2025-01-10,Chatswood,Friday,False,Jan,28.1,119,44,60,51,917.57,3,4.57,no
2025-01-11,Chatswood,Saturday,True,Jan,30.0,133,21,87,57,938.06,2,4.29,no
2025-01-12,Chatswood,Sunday,True,Jan,31.1,160,27,99,58,1058.49,3,4.25,no
2025-01-13,Chatswood,Monday,False,Jan,28.6,123,22,74,42,758.34,3,4.14,no
2025-01-14,Chatswood,Tuesday,False,Jan,26.9,109,20,63,60,844.91,3,4.09,no
2025-01-15,Chatswood,Wednesday,False,Jan,33.8,107,9,87,21,709.85,4,4.16,yes
2025-01-16,Chatswood,Thursday,False,Jan,33.2,98,0,68,21,532.53,2,3.8,no
2025-01-17,Chatswood,Friday,False,Jan,32.2,95,29,50,32,646.28,3,4.23,no
2025-01-18,Chatswood,Saturday,True,Jan,33.1,138,33,82,55,956.13,3,4.2,no
2025-01-19,Chatswood,Sunday,True,Jan,33.1,125,23,75,35,790.42,2,3.8,no
2025-01-20,Chatswood,Monday,False,Jan,25.3,120,41,55,50,818.29,2,4.51,no
2025-01-21,Chatswood,Tuesday,False,Jan,28.4,100,10,50,49,621.86,2,3.76,no
2025-01-22,Chatswood,Wednesday,False,Jan,30.7,116,15,71,49,742.15,2,4.27,no
2025-01-23,Chatswood,Thursday,False,Jan,33.8,103,15,71,37,703.3,3,4.16,no
2025-01-24,Chatswood,Friday,False,Jan,34.0,107,21,72,39,779.23,2,4.08,no
2025-01-25,Chatswood,Saturday,True,Jan,33.7,157,18,117,61,1141.61,4,4.25,no
2025-01-26,Chatswood,Sunday,True,Jan,33.4,151,18,107,53,1043.83,3,3.96,no
2025-01-27,Chatswood,Monday,False,Jan,28.2,117,24,55,36,658.22,2,4.78,yes
2025-01-28,Chatswood,Tuesday,False,Jan,24.7,106,21,49,39,621.03,2,4.26,no
2025-01-29,Chatswood,Wednesday,False,Jan,29.4,103,32,52,33,687.72,4,4.77,no
2025-01-30,Chatswood,Thursday,False,Jan,31.7,101,8,67,29,611.59,2,4.64,no
2025-01-31,Chatswood,Friday,False,Jan,31.5,102,26,64,39,736.04,3,4.34,no
2025-02-01,Chatswood,Saturday,True,Feb,30.0,155,29,89,68,1093.97,4,4.06,yes
2025-02-02,Chatswood,Sunday,True,Feb,31.7,133,8,88,48,874.95,3,3.62,no
2025-02-03,Chatswood,Monday,False,Feb,31.4,100,15,63,48,725.66,2,4.05,no
2025-02-04,Chatswood,Tuesday,False,Feb,33.3,113,23,73,52,851.56,3,4.62,no
2025-02-05,Chatswood,Wednesday,False,Feb,31.6,109,21,62,49,797.86,3,4.61,no
2025-02-06,Chatswood,Thursday,False,Feb,28.0,108,17,61,33,642.91,2,4.44,no
2025-02-07,Chatswood,Friday,False,Feb,32.4,96,0,66,45,662.21,3,3.84,no
2025-02-08,Chatswood,Saturday,True,Feb,32.1,150,36,87,65,1105.54,3,3.86,no
2025-02-09,Chatswood,Sunday,True,Feb,35.5,144,7,114,52,1021.67,3,4.22,no
2025-02-10,Chatswood,Monday,False,Feb,29.1,116,20,66,59,863.06,3,3.82,no
2025-02-11,Chatswood,Tuesday,False,Feb,33.4,97,0,76,34,647.2,2,4.26,no
2025-02-12,Chatswood,Wednesday,False,Feb,29.2,108,25,62,33,685.59,3,4.54,no
2025-02-13,Chatswood,Thursday,False,Feb,28.9,92,19,47,24,526.84,3,4.35,no
2025-02-14,Chatswood,Friday,False,Feb,30.3,94,33,63,11,619.77,2,4.36,yes
2025-02-15,Chatswood,Saturday,True,Feb,26.0,138,39,64,52,857.96,4,3.95,yes
2025-02-16,Chatswood,Sunday,True,Feb,28.7,124,41,68,46,850.93,2,4.44,no
2025-02-17,Chatswood,Monday,False,Feb,31.2,95,19,56,21,584.43,2,4.34,no
2025-02-18,Chatswood,Tuesday,False,Feb,35.5,108,2,86,39,757.41,3,4.03,yes
2025-02-19,Chatswood,Wednesday,False,Feb,36.6,91,10,60,33,643.69,2,4.63,no
2025-02-20,Chatswood,Thursday,False,Feb,29.3,106,28,56,37,691.42,2,3.73,no
2025-02-21,Chatswood,Friday,False,Feb,29.4,101,19,74,42,765.52,2,4.37,no
2025-02-22,Chatswood,Saturday,True,Feb,32.9,147,12,103,50,1000.59,3,4.16,no
2025-02-23,Chatswood,Sunday,True,Feb,29.3,134,36,76,54,921.33,3,4.4,no
2025-02-24,Chatswood,Monday,False,Feb,29.5,101,8,51,31,526.29,2,4.66,no
2025-02-25,Chatswood,Tuesday,False,Feb,28.8,107,39,58,35,718.92,2,4.64,no
2025-02-26,Chatswood,Wednesday,False,Feb,26.9,109,20,63,47,729.47,3,4.01,no
2025-02-27,Chatswood,Thursday,False,Feb,27.6,91,29,47,27,627.22,2,4.4,no
2025-02-28,Chatswood,Friday,False,Feb,28.4,112,24,56,35,622.48,3,4.08,no
2025-03-01,Chatswood,Saturday,True,Mar,25.3,133,31,62,31,687.55,3,4.04,yes
2025-03-02,Chatswood,Sunday,True,Mar,29.0,116,41,67,52,923.2,2,4.17,no
2025-03-03,Chatswood,Monday,False,Mar,27.4,108,35,50,42,653.52,2,4.45,no
2025-03-04,Chatswood,Tuesday,False,Mar,29.0,116,20,65,52,838.18,2,4.71,no
2025-03-05,Chatswood,Wednesday,False,Mar,24.3,91,41,34,35,586.41,2,4.69,no
2025-03-06,Chatswood,Thursday,False,Mar,26.1,105,36,46,48,726.72,2,4.33,no
2025-03-07,Chatswood,Friday,False,Mar,31.7,128,5,82,42,727.23,2,4.24,yes
2025-03-08,Chatswood,Saturday,True,Mar,26.1,148,33,72,59,897.66,3,4.06,no
2025-03-09,Chatswood,Sunday,True,Mar,26.8,129,36,67,51,896.7,2,4.39,no
2025-03-10,Chatswood,Monday,False,Mar,27.4,75,13,45,34,535.34,2,4.64,no
2025-03-11,Chatswood,Tuesday,False,Mar,29.2,85,21,43,46,599.64,2,4.49,no
2025-03-12,Chatswood,Wednesday,False,Mar,23.9,77,12,37,32,475.85,2,4.42,no
2025-03-13,Chatswood,Thursday,False,Mar,26.7,88,24,45,35,602.17,2,3.89,no
2025-03-14,Chatswood,Friday,False,Mar,29.4,88,23,49,31,559.72,2,4.56,no
2025-03-15,Chatswood,Saturday,True,Mar,22.6,127,28,49,49,707.7,3,4.3,yes
2025-03-16,Chatswood,Sunday,True,Mar,24.1,116,34,48,57,766.74,3,4.31,no
2025-03-17,Chatswood,Monday,False,Mar,28.3,94,32,42,46,663.54,2,4.11,yes
2025-03-18,Chatswood,Tuesday,False,Mar,29.1,100,25,59,11,549.87,3,4.36,no
2025-03-19,Chatswood,Wednesday,False,Mar,24.2,106,35,48,29,631.3,3,4.3,no
2025-03-20,Chatswood,Thursday,False,Mar,28.2,108,23,54,34,660.19,3,4.0,no
2025-03-21,Chatswood,Friday,False,Mar,26.2,113,35,57,47,793.63,2,4.42,no
2025-03-22,Chatswood,Saturday,True,Mar,25.5,152,45,65,49,914.4,4,4.08,no
2025-03-23,Chatswood,Sunday,True,Mar,24.5,117,42,46,49,737.42,3,4.52,no
2025-03-24,Chatswood,Monday,False,Mar,26.3,89,31,34,30,509.47,2,4.14,yes
2025-03-25,Chatswood,Tuesday,False,Mar,27.0,89,27,56,31,654.4,3,4.04,no
2025-03-26,Chatswood,Wednesday,False,Mar,23.7,86,23,40,33,541.53,2,4.72,yes
2025-03-27,Chatswood,Thursday,False,Mar,22.9,82,32,28,32,509.97,2,4.42,no
2025-03-28,Chatswood,Friday,False,Mar,30.0,84,18,52,29,595.2,2,4.09,no
2025-03-29,Chatswood,Saturday,True,Mar,29.1,119,33,67,50,873.84,3,3.8,no
2025-03-30,Chatswood,Sunday,True,Mar,20.6,121,54,34,31,642.82,2,4.84,no
2025-03-31,Chatswood,Monday,False,Mar,24.4,84,39,33,34,549.77,2,4.25,no
2025-04-01,Chatswood,Tuesday,False,Apr,24.0,102,47,50,44,750.82,2,4.77,yes
2025-04-02,Chatswood,Wednesday,False,Apr,25.2,75,21,31,25,446.25,2,4.67,no
2025-04-03,Chatswood,Thursday,False,Apr,24.7,94,40,35,23,500.71,3,4.41,no
2025-04-04,Chatswood,Friday,False,Apr,27.1,82,16,50,35,599.36,2,4.19,no
2025-04-05,Chatswood,Saturday,True,Apr,24.1,142,65,48,45,911.55,3,4.79,no
2025-04-06,Chatswood,Sunday,True,Apr,27.9,135,34,75,28,745.3,2,4.31,no
2025-04-07,Chatswood,Monday,False,Apr,25.5,100,18,54,41,634.28,2,3.8,no
2025-04-08,Chatswood,Tuesday,False,Apr,21.0,90,29,25,59,619.52,2,4.24,no
2025-04-09,Chatswood,Wednesday,False,Apr,19.4,108,52,26,36,587.78,4,4.12,no
2025-04-10,Chatswood,Thursday,False,Apr,21.6,84,30,36,20,520.54,2,3.92,no
2025-04-11,Chatswood,Friday,False,Apr,24.3,83,29,29,24,463.61,2,3.95,no
2025-04-12,Chatswood,Saturday,True,Apr,21.9,143,59,48,48,854.49,3,4.4,no
2025-04-13,Chatswood,Sunday,True,Apr,20.5,150,43,55,67,910.08,4,3.9,no
2025-04-14,Chatswood,Monday,False,Apr,21.1,86,53,22,32,557.2,2,4.6,no
2025-04-15,Chatswood,Tuesday,False,Apr,21.6,78,26,31,15,451.11,2,4.0,yes
2025-04-16,Chatswood,Wednesday,False,Apr,19.9,103,41,39,43,664.76,4,4.22,no
2025-04-17,Chatswood,Thursday,False,Apr,22.8,91,40,40,14,511.56,3,4.7,no
2025-04-18,Chatswood,Friday,False,Apr,23.4,96,26,40,45,650.88,3,4.38,no
2025-04-19,Chatswood,Saturday,True,Apr,24.5,166,51,72,79,1097.54,2,4.55,no
2025-04-20,Chatswood,Sunday,True,Apr,22.4,143,52,63,64,975.52,4,4.03,no
2025-04-21,Chatswood,Monday,False,Apr,20.8,79,29,20,26,410.52,2,4.14,no
2025-04-22,Chatswood,Tuesday,False,Apr,21.6,99,35,40,41,658.94,2,4.35,no
2025-04-23,Chatswood,Wednesday,False,Apr,21.6,105,52,34,35,680.6,3,4.37,no
2025-04-24,Chatswood,Thursday,False,Apr,22.0,89,44,27,16,489.95,2,4.57,no
2025-04-25,Chatswood,Friday,False,Apr,25.3,87,58,27,33,624.41,2,4.21,yes
2025-04-26,Chatswood,Saturday,True,Apr,18.6,151,73,37,69,953.9,4,4.15,no
2025-04-27,Chatswood,Sunday,True,Apr,18.3,138,48,43,61,809.69,3,4.5,no
2025-04-28,Chatswood,Monday,False,Apr,21.8,89,44,23,36,560.77,2,4.11,no
2025-04-29,Chatswood,Tuesday,False,Apr,19.4,80,38,21,37,526.46,2,4.22,no
2025-04-30,Chatswood,Wednesday,False,Apr,22.8,86,23,31,29,450.59,3,4.68,no
2025-05-01,Chatswood,Thursday,False,May,21.7,89,42,21,27,487.6,2,4.11,yes
2025-05-02,Chatswood,Friday,False,May,23.3,93,21,33,55,587.06,2,4.37,no
2025-05-03,Chatswood,Saturday,True,May,16.0,96,33,20,33,515.39,2,4.48,no
2025-05-04,Chatswood,Sunday,True,May,26.8,119,28,62,39,759.46,2,4.01,no
2025-05-05,Chatswood,Monday,False,May,18.2,92,32,25,29,519.05,2,4.67,no
2025-05-06,Chatswood,Tuesday,False,May,19.7,83,37,13,38,496.97,2,4.11,no
2025-05-07,Chatswood,Wednesday,False,May,15.7,93,43,22,27,498.59,2,4.4,no
2025-05-08,Chatswood,Thursday,False,May,18.9,81,16,17,31,354.16,2,4.71,no
2025-05-09,Chatswood,Friday,False,May,22.7,89,34,32,41,623.57,2,4.23,no
2025-05-10,Chatswood,Saturday,True,May,17.6,132,75,36,55,873.4,2,4.34,no
2025-05-11,Chatswood,Sunday,True,May,14.9,111,52,19,49,623.67,2,4.27,no
2025-05-12,Chatswood,Monday,False,May,22.0,92,16,42,18,396.78,2,4.32,no
2025-05-13,Chatswood,Tuesday,False,May,18.7,91,40,14,38,454.82,2,4.16,no
2025-05-14,Chatswood,Wednesday,False,May,15.5,70,33,10,33,385.06,2,4.14,no
2025-05-15,Chatswood,Thursday,False,May,22.9,60,11,27,22,300.43,2,4.05,yes
2025-05-16,Chatswood,Friday,False,May,18.9,105,36,22,49,626.9,2,3.69,no
2025-05-17,Chatswood,Saturday,True,May,19.7,141,46,42,63,791.51,3,4.1,no
2025-05-18,Chatswood,Sunday,True,May,18.6,109,54,30,50,753.04,2,3.79,no
2025-05-19,Chatswood,Monday,False,May,17.6,92,46,20,25,501.71,3,4.32,no
2025-05-20,Chatswood,Tuesday,False,May,18.6,95,39,29,33,587.42,2,4.61,no
2025-05-21,Chatswood,Wednesday,False,May,18.0,78,32,10,20,358.26,2,4.08,no
2025-05-22,Chatswood,Thursday,False,May,16.6,88,33,22,21,407.12,2,4.49,no
2025-05-23,Chatswood,Friday,False,May,15.3,92,36,13,36,440.79,2,4.52,no
2025-05-24,Chatswood,Saturday,True,May,13.5,111,55,19,48,635.53,3,4.15,no
2025-05-25,Chatswood,Sunday,True,May,16.3,118,57,23,53,689.31,2,4.39,no
2025-05-26,Chatswood,Monday,False,May,18.8,74,38,23,35,562.36,2,3.5,no
2025-05-27,Chatswood,Tuesday,False,May,14.1,77,36,1,25,342.94,2,4.47,no
2025-05-28,Chatswood,Wednesday,False,May,14.9,78,34,24,25,467.28,2,4.74,no
2025-05-29,Chatswood,Thursday,False,May,14.5,85,33,12,39,461.96,2,4.45,no
2025-05-30,Chatswood,Friday,False,May,16.8,99,39,18,35,485.32,2,4.48,no
2025-05-31,Chatswood,Saturday,True,May,12.3,100,64,11,47,630.75,2,4.21,no
2025-06-01,Chatswood,Sunday,True,Jun,15.1,122,73,14,45,678.09,3,4.26,yes
2025-06-02,Chatswood,Monday,False,Jun,22.4,95,24,40,23,435.7,2,4.35,no
2025-06-03,Chatswood,Tuesday,False,Jun,11.8,95,64,5,33,521.29,2,4.11,no
2025-06-04,Chatswood,Wednesday,False,Jun,16.8,96,37,17,40,535.93,2,4.18,no
2025-06-05,Chatswood,Thursday,False,Jun,16.1,99,54,15,50,642.94,2,3.9,yes
2025-06-06,Chatswood,Friday,False,Jun,18.6,97,33,35,37,559.75,3,4.26,no
2025-06-07,Chatswood,Saturday,True,Jun,14.2,125,66,25,69,871.71,2,4.61,no
2025-06-08,Chatswood,Sunday,True,Jun,12.3,127,73,9,44,645.36,2,4.56,no
2025-06-09,Chatswood,Monday,False,Jun,14.4,102,58,22,52,672.36,3,4.28,no
2025-06-10,Chatswood,Tuesday,False,Jun,14.3,111,49,28,47,675.58,3,4.59,no
2025-06-11,Chatswood,Wednesday,False,Jun,11.3,101,52,10,33,458.65,2,3.84,no
2025-06-12,Chatswood,Thursday,False,Jun,15.5,80,41,21,32,486.31,2,4.06,no
2025-06-13,Chatswood,Friday,False,Jun,14.6,96,57,7,34,507.92,3,4.57,no
2025-06-14,Chatswood,Saturday,True,Jun,16.3,112,80,8,43,662.63,3,4.43,no
2025-06-15,Chatswood,Sunday,True,Jun,14.9,121,42,20,47,560.8,2,4.3,yes
2025-06-16,Chatswood,Monday,False,Jun,19.6,73,16,24,13,288.07,2,4.38,no
2025-06-17,Chatswood,Tuesday,False,Jun,17.2,92,36,18,32,469.36,2,4.23,no
2025-06-18,Chatswood,Wednesday,False,Jun,12.0,72,58,1,37,523.02,2,4.27,no
2025-06-19,Chatswood,Thursday,False,Jun,13.1,99,58,13,30,569.94,2,4.49,no
2025-06-20,Chatswood,Friday,False,Jun,12.2,94,68,0,30,515.89,2,4.29,no
2025-06-21,Chatswood,Saturday,True,Jun,16.2,106,50,25,47,632.71,2,4.09,no
2025-06-22,Chatswood,Sunday,True,Jun,16.5,130,63,23,48,685.38,3,4.0,no
2025-06-23,Chatswood,Monday,False,Jun,11.4,102,67,0,44,547.3,2,4.34,no
2025-06-24,Chatswood,Tuesday,False,Jun,16.4,87,42,18,39,526.99,2,4.4,no
2025-06-25,Chatswood,Wednesday,False,Jun,16.4,104,45,29,45,616.37,2,4.04,no
2025-06-26,Chatswood,Thursday,False,Jun,15.6,76,27,10,22,270.52,2,4.25,no
2025-06-27,Chatswood,Friday,False,Jun,16.9,91,41,22,30,443.53,2,4.1,no
2025-06-28,Chatswood,Saturday,True,Jun,12.0,115,53,14,32,543.43,3,4.52,no
2025-06-29,Chatswood,Sunday,True,Jun,9.9,130,67,11,52,702.44,4,4.63,no
2025-06-30,Chatswood,Monday,False,Jun,12.8,80,38,8,36,433.49,2,4.02,no
2025-07-01,Chatswood,Tuesday,False,Jul,12.5,90,58,4,33,532.63,2,4.85,yes
2025-07-02,Chatswood,Wednesday,False,Jul,20.5,85,34,40,21,514.11,3,4.4,no
2025-07-03,Chatswood,Thursday,False,Jul,14.5,103,45,15,33,491.76,2,4.31,no
2025-07-04,Chatswood,Friday,False,Jul,12.6,86,56,7,34,520.12,2,4.33,no
2025-07-05,Chatswood,Saturday,True,Jul,8.5,139,93,0,60,806.9,3,3.61,no
2025-07-06,Chatswood,Sunday,True,Jul,13.1,123,77,14,52,735.68,4,4.16,no
2025-07-07,Chatswood,Monday,False,Jul,13.6,92,42,16,35,474.59,2,4.51,no
2025-07-08,Chatswood,Tuesday,False,Jul,15.1,83,38,16,42,517.64,2,4.36,no
2025-07-09,Chatswood,Wednesday,False,Jul,13.9,74,34,6,40,426.76,2,4.55,no
2025-07-10,Chatswood,Thursday,False,Jul,16.0,84,23,19,31,389.58,2,4.37,no
2025-07-11,Chatswood,Friday,False,Jul,12.4,56,26,4,36,352.45,2,3.49,no
2025-07-12,Chatswood,Saturday,True,Jul,10.1,130,73,11,50,696.01,3,4.48,no
2025-07-13,Chatswood,Sunday,True,Jul,12.6,107,48,21,34,605.26,2,4.25,no
2025-07-14,Chatswood,Monday,False,Jul,10.4,101,69,3,28,525.0,2,4.19,no
2025-07-15,Chatswood,Tuesday,False,Jul,16.5,87,48,19,24,517.67,2,4.48,yes
2025-07-16,Chatswood,Wednesday,False,Jul,14.7,79,44,13,26,471.34,2,4.72,no
2025-07-17,Chatswood,Thursday,False,Jul,17.1,81,38,15,44,531.64,2,4.62,no
2025-07-18,Chatswood,Friday,False,Jul,16.2,97,49,23,25,514.19,2,4.3,no
2025-07-19,Chatswood,Saturday,True,Jul,11.4,110,55,15,42,637.59,3,4.58,no
2025-07-20,Chatswood,Sunday,True,Jul,14.6,129,72,20,45,708.61,3,4.15,no
2025-07-21,Chatswood,Monday,False,Jul,12.6,100,63,5,35,489.24,2,3.67,no
2025-07-22,Chatswood,Tuesday,False,Jul,12.1,89,37,8,30,421.54,2,4.2,no
2025-07-23,Chatswood,Wednesday,False,Jul,12.9,70,24,9,19,296.11,2,4.12,no
2025-07-24,Chatswood,Thursday,False,Jul,12.4,88,43,15,18,408.58,2,4.61,no
2025-07-25,Chatswood,Friday,False,Jul,13.0,90,40,2,31,383.15,3,4.11,no
2025-07-26,Chatswood,Saturday,True,Jul,11.0,107,49,8,47,510.74,4,4.26,no
2025-07-27,Chatswood,Sunday,True,Jul,9.1,118,79,0,39,599.72,3,4.56,no
2025-07-28,Chatswood,Monday,False,Jul,15.9,94,38,15,42,514.41,2,4.28,no
2025-07-29,Chatswood,Tuesday,False,Jul,15.4,78,29,6,25,306.08,2,4.59,no
2025-07-30,Chatswood,Wednesday,False,Jul,11.3,94,58,6,37,517.12,3,4.49,no
2025-07-31,Chatswood,Thursday,False,Jul,14.5,79,45,12,34,439.36,2,3.97,no
2025-08-01,Chatswood,Friday,False,Aug,15.1,69,45,6,29,361.77,2,4.13,yes
2025-08-02,Chatswood,Saturday,True,Aug,10.5,118,72,2,47,676.42,3,4.37,no
2025-08-03,Chatswood,Sunday,True,Aug,14.3,121,68,15,39,620.12,3,4.58,no
2025-08-04,Chatswood,Monday,False,Aug,6.2,99,62,0,50,554.98,2,3.75,no
2025-08-05,Chatswood,Tuesday,False,Aug,15.5,76,44,8,19,346.45,2,4.41,no
2025-08-06,Chatswood,Wednesday,False,Aug,12.3,83,49,0,15,287.55,2,4.32,no
2025-08-07,Chatswood,Thursday,False,Aug,16.1,87,35,21,27,486.94,2,4.61,no
2025-08-08,Chatswood,Friday,False,Aug,15.2,71,35,15,7,282.62,2,4.57,no
2025-08-09,Chatswood,Saturday,True,Aug,12.2,115,61,3,45,557.76,3,4.34,no
2025-08-10,Chatswood,Sunday,True,Aug,13.4,122,46,30,47,653.14,3,4.42,no
2025-08-11,Chatswood,Monday,False,Aug,14.2,88,48,12,45,567.02,2,4.36,no
2025-08-12,Chatswood,Tuesday,False,Aug,12.4,99,44,6,31,427.22,2,4.1,no
2025-08-13,Chatswood,Wednesday,False,Aug,11.6,74,24,2,31,305.01,2,4.55,yes
2025-08-14,Chatswood,Thursday,False,Aug,14.0,57,25,9,26,339.26,2,3.95,no
2025-08-15,Chatswood,Friday,False,Aug,16.2,96,40,17,33,452.82,2,4.39,yes
2025-08-16,Chatswood,Saturday,True,Aug,15.2,124,64,17,36,573.46,3,3.79,no
2025-08-17,Chatswood,Sunday,True,Aug,20.0,130,53,45,47,776.55,4,4.24,no
2025-08-18,Chatswood,Monday,False,Aug,15.9,85,30,24,24,414.38,3,4.55,no
2025-08-19,Chatswood,Tuesday,False,Aug,14.6,90,53,9,29,475.3,2,4.38,no
2025-08-20,Chatswood,Wednesday,False,Aug,16.9,91,48,16,31,509.6,3,4.17,no
2025-08-21,Chatswood,Thursday,False,Aug,14.8,87,37,27,23,474.43,2,4.97,no
2025-08-22,Chatswood,Friday,False,Aug,12.0,95,52,5,34,451.37,2,3.7,no
2025-08-23,Chatswood,Saturday,True,Aug,16.4,139,71,30,46,816.23,4,4.4,no
2025-08-24,Chatswood,Sunday,True,Aug,15.1,135,82,17,42,710.64,3,4.49,no
2025-08-25,Chatswood,Monday,False,Aug,18.6,75,38,21,31,511.81,2,4.23,no
2025-08-26,Chatswood,Tuesday,False,Aug,10.6,97,62,0,42,526.71,3,4.13,no
2025-08-27,Chatswood,Wednesday,False,Aug,15.0,71,42,1,41,462.77,2,4.53,no
2025-08-28,Chatswood,Thursday,False,Aug,14.8,103,46,19,73,757.41,2,4.52,no
2025-08-29,Chatswood,Friday,False,Aug,12.5,110,49,15,27,474.82,2,4.66,no
2025-08-30,Chatswood,Saturday,True,Aug,18.6,107,51,22,29,526.36,2,3.62,no
2025-08-31,Chatswood,Sunday,True,Aug,16.5,95,43,12,44,545.39,3,4.03,no
2025-09-01,Chatswood,Monday,False,Sep,16.3,73,32,18,21,353.42,2,4.44,yes
2025-09-02,Chatswood,Tuesday,False,Sep,16.9,85,35,17,38,486.85,2,4.32,no
2025-09-03,Chatswood,Wednesday,False,Sep,14.4,83,50,9,27,443.17,2,4.73,no
2025-09-04,Chatswood,Thursday,False,Sep,21.9,74,21,26,29,434.92,3,4.63,no
2025-09-05,Chatswood,Friday,False,Sep,16.7,90,49,16,36,521.1,2,4.5,no
2025-09-06,Chatswood,Saturday,True,Sep,19.3,129,41,31,49,641.43,2,4.08,no
2025-09-07,Chatswood,Sunday,True,Sep,15.9,141,50,33,57,795.27,2,3.92,no
2025-09-08,Chatswood,Monday,False,Sep,15.2,108,70,14,28,555.32,3,4.45,no
2025-09-09,Chatswood,Tuesday,False,Sep,20.7,110,33,49,49,725.09,3,3.65,no
2025-09-10,Chatswood,Wednesday,False,Sep,16.3,84,22,27,24,375.19,2,4.05,no
2025-09-11,Chatswood,Thursday,False,Sep,19.2,65,42,6,28,353.13,2,3.96,no
2025-09-12,Chatswood,Friday,False,Sep,13.8,82,41,14,40,514.36,2,4.37,no
2025-09-13,Chatswood,Saturday,True,Sep,20.8,139,66,54,60,1018.92,4,4.55,no
2025-09-14,Chatswood,Sunday,True,Sep,18.1,142,53,31,47,745.21,3,4.07,no
2025-09-15,Chatswood,Monday,False,Sep,18.6,89,30,32,42,551.91,2,5.0,yes
2025-09-16,Chatswood,Tuesday,False,Sep,17.1,89,28,27,29,447.94,2,3.92,no
2025-09-17,Chatswood,Wednesday,False,Sep,18.1,92,40,23,14,443.96,2,4.54,no
2025-09-18,Chatswood,Thursday,False,Sep,17.4,96,35,33,31,555.27,2,4.06,no
2025-09-19,Chatswood,Friday,False,Sep,17.1,75,28,22,29,430.99,2,4.12,no
2025-09-20,Chatswood,Saturday,True,Sep,20.3,139,57,44,56,846.49,3,3.85,no
2025-09-21,Chatswood,Sunday,True,Sep,16.0,110,53,25,45,650.68,3,4.56,no
2025-09-22,Chatswood,Monday,False,Sep,17.6,109,40,20,29,506.02,2,4.13,no
2025-09-23,Chatswood,Tuesday,False,Sep,18.0,80,52,8,30,499.3,2,4.46,no
2025-09-24,Chatswood,Wednesday,False,Sep,20.3,87,33,32,23,484.23,2,4.11,yes
2025-09-25,Chatswood,Thursday,False,Sep,21.2,105,21,37,46,629.73,2,4.06,no
2025-09-26,Chatswood,Friday,False,Sep,19.6,102,58,27,47,679.45,3,4.27,no
2025-09-27,Chatswood,Saturday,True,Sep,20.1,125,44,42,41,691.8,3,4.42,no
2025-09-28,Chatswood,Sunday,True,Sep,15.3,134,73,24,57,820.11,3,3.91,no
2025-09-29,Chatswood,Monday,False,Sep,24.3,99,39,40,34,663.66,2,3.98,no
2025-09-30,Chatswood,Tuesday,False,Sep,17.8,101,47,25,35,606.87,2,4.37,no
2025-10-01,Chatswood,Wednesday,False,Oct,20.6,87,44,27,36,558.25,3,3.9,yes
2025-10-02,Chatswood,Thursday,False,Oct,14.6,82,48,2,31,407.53,2,4.02,no
2025-10-03,Chatswood,Friday,False,Oct,15.2,101,48,20,42,547.35,3,4.45,no
2025-10-04,Chatswood,Saturday,True,Oct,15.1,128,45,22,45,601.94,2,4.4,no
2025-10-05,Chatswood,Sunday,True,Oct,19.3,122,39,41,51,755.73,3,4.41,yes
2025-10-06,Chatswood,Monday,False,Oct,22.6,76,27,19,23,398.75,3,4.47,no
2025-10-07,Chatswood,Tuesday,False,Oct,19.7,87,51,17,38,558.68,2,4.02,no
2025-10-08,Chatswood,Wednesday,False,Oct,20.8,106,34,37,29,552.31,3,4.86,no
2025-10-09,Chatswood,Thursday,False,Oct,22.3,85,6,34,26,337.64,3,4.19,no
2025-10-10,Chatswood,Friday,False,Oct,21.2,78,35,31,31,544.71,2,4.46,no
2025-10-11,Chatswood,Saturday,True,Oct,17.2,117,62,23,56,749.18,3,3.64,no
2025-10-12,Chatswood,Sunday,True,Oct,18.5,138,63,45,59,935.3,4,4.17,no
2025-10-13,Chatswood,Monday,False,Oct,20.9,79,33,31,33,517.8,2,4.26,no
2025-10-14,Chatswood,Tuesday,False,Oct,22.8,100,41,37,53,701.94,2,3.78,no
2025-10-15,Chatswood,Wednesday,False,Oct,26.1,82,18,38,29,463.49,2,4.0,yes
2025-10-16,Chatswood,Thursday,False,Oct,22.7,106,18,46,52,676.59,3,4.07,no
2025-10-17,Chatswood,Friday,False,Oct,24.0,115,43,44,48,735.55,3,4.17,no
2025-10-18,Chatswood,Saturday,True,Oct,18.4,132,58,33,42,640.29,4,4.51,no
2025-10-19,Chatswood,Sunday,True,Oct,22.5,133,48,50,63,872.81,2,4.82,no
2025-10-20,Chatswood,Monday,False,Oct,23.4,94,34,42,37,604.59,2,4.34,no
2025-10-21,Chatswood,Tuesday,False,Oct,18.5,95,34,29,38,550.86,3,4.78,no
2025-10-22,Chatswood,Wednesday,False,Oct,23.8,101,32,44,19,534.5,2,4.19,no
2025-10-23,Chatswood,Thursday,False,Oct,24.6,91,27,38,25,541.95,3,4.26,no
2025-10-24,Chatswood,Friday,False,Oct,25.3,84,26,44,33,543.57,2,3.67,no
2025-10-25,Chatswood,Saturday,True,Oct,22.8,117,55,39,31,694.91,3,4.65,no
2025-10-26,Chatswood,Sunday,True,Oct,23.9,144,36,60,37,731.3,4,4.73,no
2025-10-27,Chatswood,Monday,False,Oct,26.0,108,21,56,47,682.01,2,4.52,no
2025-10-28,Chatswood,Tuesday,False,Oct,23.7,110,37,55,41,752.76,2,4.32,no
2025-10-29,Chatswood,Wednesday,False,Oct,26.9,97,24,54,38,635.98,2,4.28,no
2025-10-30,Chatswood,Thursday,False,Oct,26.8,106,21,58,26,594.84,2,4.36,no
2025-10-31,Chatswood,Friday,False,Oct,25.2,114,27,50,51,693.29,2,4.15,no
2025-11-01,Chatswood,Saturday,True,Nov,27.3,132,30,74,36,774.54,2,4.24,yes
2025-11-02,Chatswood,Sunday,True,Nov,19.6,116,58,30,49,725.09,3,4.24,no
2025-11-03,Chatswood,Monday,False,Nov,20.7,75,26,13,25,365.94,2,4.22,no
2025-11-04,Chatswood,Tuesday,False,Nov,25.4,87,22,44,34,578.18,2,4.51,no
2025-11-05,Chatswood,Wednesday,False,Nov,26.1,80,28,26,33,487.8,2,4.52,no
2025-11-06,Chatswood,Thursday,False,Nov,23.7,95,37,34,40,614.7,2,4.92,no
2025-11-07,Chatswood,Friday,False,Nov,25.3,111,17,62,33,679.55,3,4.52,no
2025-11-08,Chatswood,Saturday,True,Nov,27.0,117,47,53,33,731.02,3,4.38,no
2025-11-09,Chatswood,Sunday,True,Nov,24.1,139,58,57,51,955.71,3,4.62,no
2025-11-10,Chatswood,Monday,False,Nov,25.9,83,21,43,34,539.97,2,4.02,no
2025-11-11,Chatswood,Tuesday,False,Nov,28.0,94,20,44,25,464.63,2,4.1,yes
2025-11-12,Chatswood,Wednesday,False,Nov,30.5,108,14,74,42,735.78,2,3.84,no
2025-11-13,Chatswood,Thursday,False,Nov,27.2,123,19,63,42,723.53,2,4.14,no
2025-11-14,Chatswood,Friday,False,Nov,26.5,103,27,51,50,741.66,2,4.43,no
2025-11-15,Chatswood,Saturday,True,Nov,26.3,138,56,69,54,1003.45,4,4.05,yes
2025-11-16,Chatswood,Sunday,True,Nov,26.9,148,38,76,48,918.29,3,4.58,no
2025-11-17,Chatswood,Monday,False,Nov,26.1,112,29,48,49,713.41,2,4.09,no
2025-11-18,Chatswood,Tuesday,False,Nov,25.3,102,34,46,38,666.23,2,4.4,no
2025-11-19,Chatswood,Wednesday,False,Nov,28.7,104,24,56,50,731.14,2,4.73,no
2025-11-20,Chatswood,Thursday,False,Nov,28.8,90,26,45,52,646.32,2,4.45,no
2025-11-21,Chatswood,Friday,False,Nov,24.9,110,28,51,41,662.83,3,4.11,no
2025-11-22,Chatswood,Saturday,True,Nov,25.6,139,30,72,43,833.67,4,4.19,no
2025-11-23,Chatswood,Sunday,True,Nov,25.6,151,27,75,61,924.5,3,4.09,no
2025-11-24,Chatswood,Monday,False,Nov,26.0,102,35,55,48,793.91,3,4.24,no
2025-11-25,Chatswood,Tuesday,False,Nov,30.2,96,8,58,40,651.08,2,4.54,no
2025-11-26,Chatswood,Wednesday,False,Nov,28.2,95,36,36,40,629.75,3,4.55,no
2025-11-27,Chatswood,Thursday,False,Nov,26.4,133,38,58,46,820.82,3,4.45,no
2025-11-28,Chatswood,Friday,False,Nov,26.8,112,22,54,44,668.26,2,4.39,no
2025-11-29,Chatswood,Saturday,True,Nov,28.1,152,35,81,52,964.62,4,4.07,no
2025-11-30,Chatswood,Sunday,True,Nov,32.4,119,21,85,32,764.27,2,4.67,no
2025-12-01,Chatswood,Monday,False,Dec,28.5,103,40,56,41,736.41,2,4.47,yes
2025-12-02,Chatswood,Tuesday,False,Dec,25.9,104,22,46,31,580.97,2,3.84,no
2025-12-03,Chatswood,Wednesday,False,Dec,27.9,69,3,30,20,377.38,3,4.37,no
2025-12-04,Chatswood,Thursday,False,Dec,25.9,93,35,46,35,676.28,2,3.73,no
2025-12-05,Chatswood,Friday,False,Dec,25.7,113,38,57,34,716.48,3,4.4,yes
2025-12-06,Chatswood,Saturday,True,Dec,31.4,133,24,78,48,852.16,2,4.52,no
2025-12-07,Chatswood,Sunday,True,Dec,31.5,147,19,97,52,985.99,2,4.35,no
2025-12-08,Chatswood,Monday,False,Dec,33.7,109,17,72,37,769.68,3,4.33,no
2025-12-09,Chatswood,Tuesday,False,Dec,30.7,105,16,64,26,583.89,2,3.85,no
2025-12-10,Chatswood,Wednesday,False,Dec,33.7,103,6,76,51,784.26,3,4.61,no
2025-12-11,Chatswood,Thursday,False,Dec,34.2,92,16,64,34,672.55,3,4.23,no
2025-12-12,Chatswood,Friday,False,Dec,28.3,94,34,40,48,676.78,3,3.94,yes
2025-12-13,Chatswood,Saturday,True,Dec,29.3,147,36,85,69,1052.71,3,4.41,no
2025-12-14,Chatswood,Sunday,True,Dec,30.6,119,24,67,29,743.36,4,4.65,no
2025-12-15,Chatswood,Monday,False,Dec,32.0,100,1,64,46,650.23,2,4.07,yes
2025-12-16,Chatswood,Tuesday,False,Dec,31.1,85,0,50,27,456.47,2,4.08,no
2025-12-17,Chatswood,Wednesday,False,Dec,29.0,119,32,72,34,763.52,3,4.44,no
2025-12-18,Chatswood,Thursday,False,Dec,29.4,92,25,50,47,701.96,3,4.32,no
2025-12-19,Chatswood,Friday,False,Dec,32.4,93,15,67,44,740.19,2,4.18,no
2025-12-20,Chatswood,Saturday,True,Dec,23.9,130,40,51,40,701.35,3,4.12,no
2025-12-21,Chatswood,Sunday,True,Dec,30.1,138,23,87,51,958.16,4,4.24,no
2025-12-22,Chatswood,Monday,False,Dec,28.7,109,29,51,40,638.19,3,4.23,no
2025-12-23,Chatswood,Tuesday,False,Dec,27.8,108,23,65,42,739.3,3,4.65,no
2025-12-24,Chatswood,Wednesday,False,Dec,30.4,110,26,65,47,764.16,3,4.34,no
2025-12-25,Chatswood,Thursday,False,Dec,31.1,102,16,71,52,817.7,4,4.09,yes
2025-12-26,Chatswood,Friday,False,Dec,28.6,91,9,51,33,572.28,2,4.15,no
2025-12-27,Chatswood,Saturday,True,Dec,32.2,157,26,102,63,1099.11,4,4.37,no
2025-12-28,Chatswood,Sunday,True,Dec,29.1,141,24,82,50,897.86,2,4.14,no
2025-12-29,Chatswood,Monday,False,Dec,29.4,96,28,52,47,735.05,2,4.38,no
2025-12-30,Chatswood,Tuesday,False,Dec,32.0,112,19,71,49,818.12,2,4.09,no
2025-12-31,Chatswood,Wednesday,False,Dec,29.8,97,24,57,24,581.67,2,3.86,no
